ds,trend,yhat_lower,yhat_upper,trend_lower,trend_upper,additive_terms,additive_terms_lower,additive_terms_upper,all_souls_day_dummy,all_souls_day_dummy_lower,all_souls_day_dummy_upper,black_friday_dummy,black_friday_dummy_lower,black_friday_dummy_upper,carnival_dummy,carnival_dummy_lower,carnival_dummy_upper,christmas_dummy,christmas_dummy_lower,christmas_dummy_upper,corpus_christi_dummy,corpus_christi_dummy_lower,corpus_christi_dummy_upper,extra_regressors_additive,extra_regressors_additive_lower,extra_regressors_additive_upper,good_friday_dummy,good_friday_dummy_lower,good_friday_dummy_upper,independence_day_dummy,independence_day_dummy_lower,independence_day_dummy_upper,is_weekend,is_weekend_lower,is_weekend_upper,is_weekend_lag_1,is_weekend_lag_1_lower,is_weekend_lag_1_upper,is_weekend_lag_14,is_weekend_lag_14_lower,is_weekend_lag_14_upper,is_weekend_lag_28,is_weekend_lag_28_lower,is_weekend_lag_28_upper,is_weekend_lag_7,is_weekend_lag_7_lower,is_weekend_lag_7_upper,july_15_promo,july_15_promo_lower,july_15_promo_upper,labor_day_dummy,labor_day_dummy_lower,labor_day_dummy_upper,new_year_dummy,new_year_dummy_lower,new_year_dummy_upper,our_lady_aparecida_dummy,our_lady_aparecida_dummy_lower,our_lady_aparecida_dummy_upper,republic_day_dummy,republic_day_dummy_lower,republic_day_dummy_upper,tiradentes_dummy,tiradentes_dummy_lower,tiradentes_dummy_upper,transactions,transactions_lower,transactions_upper,transactions_lag_1,transactions_lag_1_lower,transactions_lag_1_upper,transactions_lag_14,transactions_lag_14_lower,transactions_lag_14_upper,transactions_lag_28,transactions_lag_28_lower,transactions_lag_28_upper,transactions_lag_7,transactions_lag_7_lower,transactions_lag_7_upper,weekly,weekly_lower,weekly_upper,yearly,yearly_lower,yearly_upper,multiplicative_terms,multiplicative_terms_lower,multiplicative_terms_upper,yhat
2017-07-01,13.61794083690252,13.458889028895602,13.8171659086432,13.61794083690252,13.61794083690252,0.017289162532085192,0.017289162532085192,0.017289162532085192,-0.00030055665849038706,-0.00030055665849038706,-0.00030055665849038706,0.0007480598259214697,0.0007480598259214697,0.0007480598259214697,-0.0014310255621512006,-0.0014310255621512006,-0.0014310255621512006,0.0016190085142137017,0.0016190085142137017,0.0016190085142137017,2.652881155359243e-05,2.652881155359243e-05,2.652881155359243e-05,-0.04164243645203975,-0.04164243645203975,-0.04164243645203975,0.0001329388887645191,0.0001329388887645191,0.0001329388887645191,-0.00026310325417986107,-0.00026310325417986107,-0.00026310325417986107,0.034393927017530385,0.034393927017530385,0.034393927017530385,-0.133550464599755,-0.133550464599755,-0.133550464599755,0.0003316242006364014,0.0003316242006364014,0.0003316242006364014,-0.003988502157723066,-0.003988502157723066,-0.003988502157723066,-0.010089068739886742,-0.010089068739886742,-0.010089068739886742,0.00038124807939407936,0.00038124807939407936,0.00038124807939407936,-0.0014643774291142814,-0.0014643774291142814,-0.0014643774291142814,0.006792212570446947,0.006792212570446947,0.006792212570446947,0.00010322516652007975,0.00010322516652007975,0.00010322516652007975,0.0002030062213126479,0.0002030062213126479,0.0002030062213126479,-0.0002907552686377681,-0.0002907552686377681,-0.0002907552686377681,0.06513717388346386,0.06513717388346386,0.06513717388346386,-0.009943711760482171,-0.009943711760482171,-0.009943711760482171,0.005476539536328116,0.005476539536328116,0.005476539536328116,0.003960122633539983,0.003960122633539983,0.003960122633539983,0.0003735136287549524,0.0003735136287549524,0.0003735136287549524,0.031044010795542597,0.031044010795542597,0.031044010795542597,0.027887588188582352,0.027887588188582352,0.027887588188582352,0.0,0.0,0.0,13.635229999434605
2017-07-02,13.61820418961091,13.655765573284926,14.019635679561565,13.61820418961091,13.61820418961091,0.2164156034976513,0.2164156034976513,0.2164156034976513,-0.00030055665849038706,-0.00030055665849038706,-0.00030055665849038706,0.0007480598259214697,0.0007480598259214697,0.0007480598259214697,-0.0014310255621512006,-0.0014310255621512006,-0.0014310255621512006,0.0016190085142137017,0.0016190085142137017,0.0016190085142137017,2.652881155359243e-05,2.652881155359243e-05,2.652881155359243e-05,0.10970293834466649,0.10970293834466649,0.10970293834466649,0.0001329388887645191,0.0001329388887645191,0.0001329388887645191,-0.00026310325417986107,-0.00026310325417986107,-0.00026310325417986107,0.034393927017530385,0.034393927017530385,0.034393927017530385,0.01996712607622691,0.01996712607622691,0.01996712607622691,0.0003316242006364014,0.0003316242006364014,0.0003316242006364014,-0.003988502157723066,-0.003988502157723066,-0.003988502157723066,-0.010089068739886742,-0.010089068739886742,-0.010089068739886742,0.00038124807939407936,0.00038124807939407936,0.00038124807939407936,-0.0014643774291142814,-0.0014643774291142814,-0.0014643774291142814,0.006792212570446947,0.006792212570446947,0.006792212570446947,0.00010322516652007975,0.00010322516652007975,0.00010322516652007975,0.0002030062213126479,0.0002030062213126479,0.0002030062213126479,-0.0002907552686377681,-0.0002907552686377681,-0.0002907552686377681,0.06513717388346386,0.06513717388346386,0.06513717388346386,-0.009943711760482171,-0.009943711760482171,-0.009943711760482171,0.0033781680678648344,0.0033781680678648344,0.0033781680678648344,0.00396087664055608,0.00396087664055608,0.00396087664055608,0.0002989152109264565,0.0002989152109264565,0.0002989152109264565,0.07513865828194811,0.07513865828194811,0.07513865828194811,0.0315740068710367,0.0315740068710367,0.0315740068710367,0.0,0.0,0.0,13.834619793108562
2017-07-03,13.6184675423193,13.397172094740629,13.760356834415017,13.6184675423193,13.6184675423193,-0.0382147266267189,-0.0382147266267189,-0.0382147266267189,-0.00030055665849038706,-0.00030055665849038706,-0.00030055665849038706,0.0007480598259214697,0.0007480598259214697,0.0007480598259214697,-0.0014310255621512006,-0.0014310255621512006,-0.0014310255621512006,0.0016190085142137017,0.0016190085142137017,0.0016190085142137017,2.652881155359243e-05,2.652881155359243e-05,2.652881155359243e-05,-0.05536061821643024,-0.05536061821643024,-0.05536061821643024,0.0001329388887645191,0.0001329388887645191,0.0001329388887645191,-0.00026310325417986107,-0.00026310325417986107,-0.00026310325417986107,-0.230044369683733,-0.230044369683733,-0.230044369683733,0.01996712607622691,0.01996712607622691,0.01996712607622691,-0.002188096782339598,-0.002188096782339598,-0.002188096782339598,0.02596445850125451,0.02596445850125451,0.02596445850125451,0.06702220887726193,0.06702220887726193,0.06702220887726193,0.00038124807939407936,0.00038124807939407936,0.00038124807939407936,-0.0014643774291142814,-0.0014643774291142814,-0.0014643774291142814,0.006792212570446947,0.006792212570446947,0.006792212570446947,0.00010322516652007975,0.00010322516652007975,0.00010322516652007975,0.0002030062213126479,0.0002030062213126479,0.0002030062213126479,-0.0002907552686377681,-0.0002907552686377681,-0.0002907552686377681,0.06513717388346386,0.06513717388346386,0.06513717388346386,-0.009943711760482171,-0.009943711760482171,-0.009943711760482171,0.0007041952433553349,0.0007041952433553349,0.0007041952433553349,0.0017470968280329402,0.0017470968280329402,0.0017470968280329402,1.6890694975481192e-05,1.6890694975481192e-05,1.6890694975481192e-05,-0.018053559671220715,-0.018053559671220715,-0.018053559671220715,0.035199451260932095,0.035199451260932095,0.035199451260932095,0.0,0.0,0.0,13.58025281569258
2017-07-04,13.61873089502769,13.251214539737903,13.618497169319047,13.61873089502769,13.61873089502769,-0.17453514310607085,-0.17453514310607085,-0.17453514310607085,-0.00030055665849038706,-0.00030055665849038706,-0.00030055665849038706,0.0007480598259214697,0.0007480598259214697,0.0007480598259214697,-0.0014310255621512006,-0.0014310255621512006,-0.0014310255621512006,0.0016190085142137017,0.0016190085142137017,0.0016190085142137017,2.652881155359243e-05,2.652881155359243e-05,2.652881155359243e-05,-0.2093285769333145,-0.2093285769333145,-0.2093285769333145,0.0001329388887645191,0.0001329388887645191,0.0001329388887645191,-0.00026310325417986107,-0.00026310325417986107,-0.00026310325417986107,-0.230044369683733,-0.230044369683733,-0.230044369683733,-0.133550464599755,-0.133550464599755,-0.133550464599755,-0.002188096782339598,-0.002188096782339598,-0.002188096782339598,0.02596445850125451,0.02596445850125451,0.02596445850125451,0.06702220887726193,0.06702220887726193,0.06702220887726193,0.00038124807939407936,0.00038124807939407936,0.00038124807939407936,-0.0014643774291142814,-0.0014643774291142814,-0.0014643774291142814,0.006792212570446947,0.006792212570446947,0.006792212570446947,0.00010322516652007975,0.00010322516652007975,0.00010322516652007975,0.0002030062213126479,0.0002030062213126479,0.0002030062213126479,-0.0002907552686377681,-0.0002907552686377681,-0.0002907552686377681,0.06513717388346386,0.06513717388346386,0.06513717388346386,-0.009943711760482171,-0.009943711760482171,-0.009943711760482171,0.0008146436540565026,0.0008146436540565026,0.0008146436540565026,0.0012365499044963743,0.0012365499044963743,0.0012365499044963743,-3.337883309142804e-05,-3.337883309142804e-05,-3.337883309142804e-05,-0.003918684404089102,-0.003918684404089102,-0.003918684404089102,0.03871211823133279,0.03871211823133279,0.03871211823133279,0.0,0.0,0.0,13.444195751921619
2017-07-05,13.618994247736081,13.29286237110235,13.644837408535745,13.618994247736081,13.618994247736081,-0.14373878923562777,-0.14373878923562777,-0.14373878923562777,-0.00030055665849038706,-0.00030055665849038706,-0.00030055665849038706,0.0007480598259214697,0.0007480598259214697,0.0007480598259214697,-0.0014310255621512006,-0.0014310255621512006,-0.0014310255621512006,0.0016190085142137017,0.0016190085142137017,0.0016190085142137017,2.652881155359243e-05,2.652881155359243e-05,2.652881155359243e-05,-0.20922448783005282,-0.20922448783005282,-0.20922448783005282,0.0001329388887645191,0.0001329388887645191,0.0001329388887645191,-0.00026310325417986107,-0.00026310325417986107,-0.00026310325417986107,-0.230044369683733,-0.230044369683733,-0.230044369683733,-0.133550464599755,-0.133550464599755,-0.133550464599755,-0.002188096782339598,-0.002188096782339598,-0.002188096782339598,0.02596445850125451,0.02596445850125451,0.02596445850125451,0.06702220887726193,0.06702220887726193,0.06702220887726193,0.00038124807939407936,0.00038124807939407936,0.00038124807939407936,-0.0014643774291142814,-0.0014643774291142814,-0.0014643774291142814,0.006792212570446947,0.006792212570446947,0.006792212570446947,0.00010322516652007975,0.00010322516652007975,0.00010322516652007975,0.0002030062213126479,0.0002030062213126479,0.0002030062213126479,-0.0002907552686377681,-0.0002907552686377681,-0.0002907552686377681,0.06513717388346386,0.06513717388346386,0.06513717388346386,-0.009943711760482171,-0.009943711760482171,-0.009943711760482171,0.0007110212971068982,0.0007110212971068982,0.0007110212971068982,0.0014140510546926434,0.0014140510546926434,0.0014140510546926434,-3.1685230764343205e-06,-3.1685230764343205e-06,-3.1685230764343205e-06,0.023425719889262224,0.023425719889262224,0.023425719889262224,0.042059978705162857,0.042059978705162857,0.042059978705162857,0.0,0.0,0.0,13.475255458500454
2017-07-06,13.619257600444472,13.180733926365582,13.544269520964495,13.619257600444472,13.619257600444472,-0.24592590172953405,-0.24592590172953405,-0.24592590172953405,-0.00030055665849038706,-0.00030055665849038706,-0.00030055665849038706,0.0007480598259214697,0.0007480598259214697,0.0007480598259214697,-0.0014310255621512006,-0.0014310255621512006,-0.0014310255621512006,0.0016190085142137017,0.0016190085142137017,0.0016190085142137017,2.652881155359243e-05,2.652881155359243e-05,2.652881155359243e-05,-0.21128553117905335,-0.21128553117905335,-0.21128553117905335,0.0001329388887645191,0.0001329388887645191,0.0001329388887645191,-0.00026310325417986107,-0.00026310325417986107,-0.00026310325417986107,-0.230044369683733,-0.230044369683733,-0.230044369683733,-0.133550464599755,-0.133550464599755,-0.133550464599755,-0.002188096782339598,-0.002188096782339598,-0.002188096782339598,0.02596445850125451,0.02596445850125451,0.02596445850125451,0.06702220887726193,0.06702220887726193,0.06702220887726193,0.00038124807939407936,0.00038124807939407936,0.00038124807939407936,-0.0014643774291142814,-0.0014643774291142814,-0.0014643774291142814,0.006792212570446947,0.006792212570446947,0.006792212570446947,0.00010322516652007975,0.00010322516652007975,0.00010322516652007975,0.0002030062213126479,0.0002030062213126479,0.0002030062213126479,-0.0002907552686377681,-0.0002907552686377681,-0.0002907552686377681,0.06513717388346386,0.06513717388346386,0.06513717388346386,-0.009943711760482171,-0.009943711760482171,-0.009943711760482171,-0.00027067400393788825,-0.00027067400393788825,-0.00027067400393788825,0.0003951422081780402,0.0003951422081780402,0.0003951422081780402,-6.360772451757846e-05,-6.360772451757846e-05,-6.360772451757846e-05,-0.07983167273154151,-0.07983167273154151,-0.07983167273154151,0.04519130218106088,0.04519130218106088,0.04519130218106088,0.0,0.0,0.0,13.373331698714939
2017-07-07,13.619520953152863,13.250500574246765,13.605876707502432,13.619520953152863,13.619520953152863,-0.18798111625478664,-0.18798111625478664,-0.18798111625478664,-0.00030055665849038706,-0.00030055665849038706,-0.00030055665849038706,0.0007480598259214697,0.0007480598259214697,0.0007480598259214697,-0.0014310255621512006,-0.0014310255621512006,-0.0014310255621512006,0.0016190085142137017,0.0016190085142137017,0.0016190085142137017,2.652881155359243e-05,2.652881155359243e-05,2.652881155359243e-05,-0.20823181444509278,-0.20823181444509278,-0.20823181444509278,0.0001329388887645191,0.0001329388887645191,0.0001329388887645191,-0.00026310325417986107,-0.00026310325417986107,-0.00026310325417986107,-0.230044369683733,-0.230044369683733,-0.230044369683733,-0.133550464599755,-0.133550464599755,-0.133550464599755,-0.002188096782339598,-0.002188096782339598,-0.002188096782339598,0.02596445850125451,0.02596445850125451,0.02596445850125451,0.06702220887726193,0.06702220887726193,0.06702220887726193,0.00038124807939407936,0.00038124807939407936,0.00038124807939407936,-0.0014643774291142814,-0.0014643774291142814,-0.0014643774291142814,0.006792212570446947,0.006792212570446947,0.006792212570446947,0.00010322516652007975,0.00010322516652007975,0.00010322516652007975,0.0002030062213126479,0.0002030062213126479,0.0002030062213126479,-0.0002907552686377681,-0.0002907552686377681,-0.0002907552686377681,0.06513717388346386,0.06513717388346386,0.06513717388346386,-0.009943711760482171,-0.009943711760482171,-0.009943711760482171,0.001312380928663904,0.001312380928663904,0.001312380928663904,0.0016366645242562477,0.0016366645242562477,0.0016366645242562477,0.00016553176076301962,0.00016553176076301962,0.00016553176076301962,-0.02780447216026841,-0.02780447216026841,-0.02780447216026841,0.04805517035057459,0.04805517035057459,0.04805517035057459,0.0,0.0,0.0,13.431539836898077
2017-07-08,13.619784305861254,13.481826883270614,13.829286036416944,13.619784305861254,13.619784305861254,0.03686819699041073,0.03686819699041073,0.03686819699041073,-0.00030055665849038706,-0.00030055665849038706,-0.00030055665849038706,0.0007480598259214697,0.0007480598259214697,0.0007480598259214697,-0.0014310255621512006,-0.0014310255621512006,-0.0014310255621512006,0.0016190085142137017,0.0016190085142137017,0.0016190085142137017,2.652881155359243e-05,2.652881155359243e-05,2.652881155359243e-05,-0.044777795847211165,-0.044777795847211165,-0.044777795847211165,0.0001329388887645191,0.0001329388887645191,0.0001329388887645191,-0.00026310325417986107,-0.00026310325417986107,-0.00026310325417986107,0.034393927017530385,0.034393927017530385,0.034393927017530385,-0.133550464599755,-0.133550464599755,-0.133550464599755,0.0003316242006364014,0.0003316242006364014,0.0003316242006364014,-0.003988502157723066,-0.003988502157723066,-0.003988502157723066,-0.010089068739886742,-0.010089068739886742,-0.010089068739886742,0.00038124807939407936,0.00038124807939407936,0.00038124807939407936,-0.0014643774291142814,-0.0014643774291142814,-0.0014643774291142814,0.006792212570446947,0.006792212570446947,0.006792212570446947,0.00010322516652007975,0.00010322516652007975,0.00010322516652007975,0.0002030062213126479,0.0002030062213126479,0.0002030062213126479,-0.0002907552686377681,-0.0002907552686377681,-0.0002907552686377681,0.06513717388346386,0.06513717388346386,0.06513717388346386,-0.009943711760482171,-0.009943711760482171,-0.009943711760482171,0.003357734243896115,0.003357734243896115,0.003357734243896115,0.0031515503987924976,0.0031515503987924976,0.0031515503987924976,0.00016553176076301962,0.00016553176076301962,0.00016553176076301962,0.031044010795388474,0.031044010795388474,0.031044010795388474,0.05060198204223342,0.05060198204223342,0.05060198204223342,0.0,0.0,0.0,13.656652502851664
2017-07-09,13.620047658569645,13.660932213681134,14.039134899215002,13.620047658569645,13.620047658569645,0.23618341396346543,0.23618341396346543,0.23618341396346543,-0.00030055665849038706,-0.00030055665849038706,-0.00030055665849038706,0.0007480598259214697,0.0007480598259214697,0.0007480598259214697,-0.0014310255621512006,-0.0014310255621512006,-0.0014310255621512006,0.0016190085142137017,0.0016190085142137017,0.0016190085142137017,2.652881155359243e-05,2.652881155359243e-05,2.652881155359243e-05,0.10826080350769841,0.10826080350769841,0.10826080350769841,0.0001329388887645191,0.0001329388887645191,0.0001329388887645191,-0.00026310325417986107,-0.00026310325417986107,-0.00026310325417986107,0.034393927017530385,0.034393927017530385,0.034393927017530385,0.01996712607622691,0.01996712607622691,0.01996712607622691,0.0003316242006364014,0.0003316242006364014,0.0003316242006364014,-0.003988502157723066,-0.003988502157723066,-0.003988502157723066,-0.010089068739886742,-0.010089068739886742,-0.010089068739886742,0.00038124807939407936,0.00038124807939407936,0.00038124807939407936,-0.0014643774291142814,-0.0014643774291142814,-0.0014643774291142814,0.006792212570446947,0.006792212570446947,0.006792212570446947,0.00010322516652007975,0.00010322516652007975,0.00010322516652007975,0.0002030062213126479,0.0002030062213126479,0.0002030062213126479,-0.0002907552686377681,-0.0002907552686377681,-0.0002907552686377681,0.06513717388346386,0.06513717388346386,0.06513717388346386,-0.009943711760482171,-0.009943711760482171,-0.009943711760482171,0.0027477637628891666,0.0027477637628891666,0.0027477637628891666,0.0032825295587270986,0.0032825295587270986,0.0032825295587270986,0.00016553176076301962,0.00016553176076301962,0.00016553176076301962,0.07513865828187255,0.07513865828187255,0.07513865828187255,0.052783952173894505,0.052783952173894505,0.052783952173894505,0.0,0.0,0.0,13.85623107253311
2017-07-10,13.620311011278035,13.427975353636368,13.76867780384033,13.620311011278035,13.620311011278035,-0.01995175300922534,-0.01995175300922534,-0.01995175300922534,-0.00030055665849038706,-0.00030055665849038706,-0.00030055665849038706,0.0007480598259214697,0.0007480598259214697,0.0007480598259214697,-0.0014310255621512006,-0.0014310255621512006,-0.0014310255621512006,0.0016190085142137017,0.0016190085142137017,0.0016190085142137017,2.652881155359243e-05,2.652881155359243e-05,2.652881155359243e-05,-0.056453800779272784,-0.056453800779272784,-0.056453800779272784,0.0001329388887645191,0.0001329388887645191,0.0001329388887645191,-0.00026310325417986107,-0.00026310325417986107,-0.00026310325417986107,-0.230044369683733,-0.230044369683733,-0.230044369683733,0.01996712607622691,0.01996712607622691,0.01996712607622691,-0.002188096782339598,-0.002188096782339598,-0.002188096782339598,0.02596445850125451,0.02596445850125451,0.02596445850125451,0.06702220887726193,0.06702220887726193,0.06702220887726193,0.00038124807939407936,0.00038124807939407936,0.00038124807939407936,-0.0014643774291142814,-0.0014643774291142814,-0.0014643774291142814,0.006792212570446947,0.006792212570446947,0.006792212570446947,0.00010322516652007975,0.00010322516652007975,0.00010322516652007975,0.0002030062213126479,0.0002030062213126479,0.0002030062213126479,-0.0002907552686377681,-0.0002907552686377681,-0.0002907552686377681,0.06513717388346386,0.06513717388346386,0.06513717388346386,-0.009943711760482171,-0.009943711760482171,-0.009943711760482171,0.0004417278621564894,0.0004417278621564894,0.0004417278621564894,0.0007677405806016856,0.0007677405806016856,0.0007677405806016856,0.00016553176076301962,0.00016553176076301962,0.00016553176076301962,-0.018053559671048755,-0.018053559671048755,-0.018053559671048755,0.05455560744109626,0.05455560744109626,0.05455560744109626,0.0,0.0,0.0,13.60035925826881
2017-07-11,13.620574363986426,13.285759605445485,13.63233205771567,13.620574363986426,13.620574363986426,-0.15842925076024525,-0.15842925076024525,-0.15842925076024525,-0.00030055665849038706,-0.00030055665849038706,-0.00030055665849038706,0.0007480598259214697,0.0007480598259214697,0.0007480598259214697,-0.0014310255621512006,-0.0014310255621512006,-0.0014310255621512006,0.0016190085142137017,0.0016190085142137017,0.0016190085142137017,2.652881155359243e-05,2.652881155359243e-05,2.652881155359243e-05,-0.21038484746977246,-0.21038484746977246,-0.21038484746977246,0.0001329388887645191,0.0001329388887645191,0.0001329388887645191,-0.00026310325417986107,-0.00026310325417986107,-0.00026310325417986107,-0.230044369683733,-0.230044369683733,-0.230044369683733,-0.133550464599755,-0.133550464599755,-0.133550464599755,-0.002188096782339598,-0.002188096782339598,-0.002188096782339598,0.02596445850125451,0.02596445850125451,0.02596445850125451,0.06702220887726193,0.06702220887726193,0.06702220887726193,0.00038124807939407936,0.00038124807939407936,0.00038124807939407936,-0.0014643774291142814,-0.0014643774291142814,-0.0014643774291142814,0.006792212570446947,0.006792212570446947,0.006792212570446947,0.00010322516652007975,0.00010322516652007975,0.00010322516652007975,0.0002030062213126479,0.0002030062213126479,0.0002030062213126479,-0.0002907552686377681,-0.0002907552686377681,-0.0002907552686377681,0.06513717388346386,0.06513717388346386,0.06513717388346386,-0.009943711760482171,-0.009943711760482171,-0.009943711760482171,3.068793520441996e-05,3.068793520441996e-05,3.068793520441996e-05,0.0007653244930360305,0.0007653244930360305,0.0007653244930360305,0.00016553176076301962,0.00016553176076301962,0.00016553176076301962,-0.003918684404097005,-0.003918684404097005,-0.003918684404097005,0.05587428111362424,0.05587428111362424,0.05587428111362424,0.0,0.0,0.0,13.462145113226182
2017-07-12,13.620837716694817,13.30313959204306,13.668799750738405,13.620837716694817,13.620837716694817,-0.1297738939219522,-0.1297738939219522,-0.1297738939219522,-0.00030055665849038706,-0.00030055665849038706,-0.00030055665849038706,0.0007480598259214697,0.0007480598259214697,0.0007480598259214697,-0.0014310255621512006,-0.0014310255621512006,-0.0014310255621512006,0.0016190085142137017,0.0016190085142137017,0.0016190085142137017,2.652881155359243e-05,2.652881155359243e-05,2.652881155359243e-05,-0.2099002223823949,-0.2099002223823949,-0.2099002223823949,0.0001329388887645191,0.0001329388887645191,0.0001329388887645191,-0.00026310325417986107,-0.00026310325417986107,-0.00026310325417986107,-0.230044369683733,-0.230044369683733,-0.230044369683733,-0.133550464599755,-0.133550464599755,-0.133550464599755,-0.002188096782339598,-0.002188096782339598,-0.002188096782339598,0.02596445850125451,0.02596445850125451,0.02596445850125451,0.06702220887726193,0.06702220887726193,0.06702220887726193,0.00038124807939407936,0.00038124807939407936,0.00038124807939407936,-0.0014643774291142814,-0.0014643774291142814,-0.0014643774291142814,0.006792212570446947,0.006792212570446947,0.006792212570446947,0.00010322516652007975,0.00010322516652007975,0.00010322516652007975,0.0002030062213126479,0.0002030062213126479,0.0002030062213126479,-0.0002907552686377681,-0.0002907552686377681,-0.0002907552686377681,0.06513717388346386,0.06513717388346386,0.06513717388346386,-0.009943711760482171,-0.009943711760482171,-0.009943711760482171,0.0002777092242293415,0.0002777092242293415,0.0002777092242293415,0.0010029282913886599,0.0010029282913886599,0.0010029282913886599,0.00016553176076301962,0.00016553176076301962,0.00016553176076301962,0.02342571988940661,0.02342571988940661,0.02342571988940661,0.05670060857103612,0.05670060857103612,0.05670060857103612,0.0,0.0,0.0,13.491063822772865
2017-07-13,13.621101069403208,13.179633875672588,13.535456570313464,13.621101069403208,13.621101069403208,-0.2537273771230042,-0.2537273771230042,-0.2537273771230042,-0.00030055665849038706,-0.00030055665849038706,-0.00030055665849038706,0.0007480598259214697,0.0007480598259214697,0.0007480598259214697,-0.0014310255621512006,-0.0014310255621512006,-0.0014310255621512006,0.0016190085142137017,0.0016190085142137017,0.0016190085142137017,2.652881155359243e-05,2.652881155359243e-05,2.652881155359243e-05,-0.23089472850536205,-0.23089472850536205,-0.23089472850536205,0.0001329388887645191,0.0001329388887645191,0.0001329388887645191,-0.00026310325417986107,-0.00026310325417986107,-0.00026310325417986107,-0.230044369683733,-0.230044369683733,-0.230044369683733,-0.133550464599755,-0.133550464599755,-0.133550464599755,-0.002188096782339598,-0.002188096782339598,-0.002188096782339598,0.02596445850125451,0.02596445850125451,0.02596445850125451,0.06702220887726193,0.06702220887726193,0.06702220887726193,-0.019990107629562895,-0.019990107629562895,-0.019990107629562895,-0.0014643774291142814,-0.0014643774291142814,-0.0014643774291142814,0.006792212570446947,0.006792212570446947,0.006792212570446947,0.00010322516652007975,0.00010322516652007975,0.00010322516652007975,0.0002030062213126479,0.0002030062213126479,0.0002030062213126479,-0.0002907552686377681,-0.0002907552686377681,-0.0002907552686377681,0.06513717388346386,0.06513717388346386,0.06513717388346386,-0.009943711760482171,-0.009943711760482171,-0.009943711760482171,-0.00021648528884313296,-0.00021648528884313296,-0.00021648528884313296,0.0008739723904509519,0.0008739723904509519,0.0008739723904509519,0.00016553176076301962,0.00016553176076301962,0.00016553176076301962,-0.0798316727313953,-0.0798316727313953,-0.0798316727313953,0.05699902411375319,0.05699902411375319,0.05699902411375319,0.0,0.0,0.0,13.367373692280204
2017-07-14,13.621364422111599,13.232925029698237,13.594241805390025,13.621364422111599,13.621376846350625,-0.2190028609438895,-0.2190028609438895,-0.2190028609438895,-0.00030055665849038706,-0.00030055665849038706,-0.00030055665849038706,0.0007480598259214697,0.0007480598259214697,0.0007480598259214697,-0.0014310255621512006,-0.0014310255621512006,-0.0014310255621512006,0.0016190085142137017,0.0016190085142137017,0.0016190085142137017,2.652881155359243e-05,2.652881155359243e-05,2.652881155359243e-05,-0.2479366469720319,-0.2479366469720319,-0.2479366469720319,0.0001329388887645191,0.0001329388887645191,0.0001329388887645191,-0.00026310325417986107,-0.00026310325417986107,-0.00026310325417986107,-0.230044369683733,-0.230044369683733,-0.230044369683733,-0.133550464599755,-0.133550464599755,-0.133550464599755,-0.002188096782339598,-0.002188096782339598,-0.002188096782339598,0.02596445850125451,0.02596445850125451,0.02596445850125451,0.06702220887726193,0.06702220887726193,0.06702220887726193,-0.040361463338519865,-0.040361463338519865,-0.040361463338519865,-0.0014643774291142814,-0.0014643774291142814,-0.0014643774291142814,0.006792212570446947,0.006792212570446947,0.006792212570446947,0.00010322516652007975,0.00010322516652007975,0.00010322516652007975,0.0002030062213126479,0.0002030062213126479,0.0002030062213126479,-0.0002907552686377681,-0.0002907552686377681,-0.0002907552686377681,0.06513717388346386,0.06513717388346386,0.06513717388346386,-0.009943711760482171,-0.009943711760482171,-0.009943711760482171,0.001657124448773859,0.001657124448773859,0.001657124448773859,0.002329799895121081,0.002329799895121081,0.002329799895121081,0.00016553176076301962,0.00016553176076301962,0.00016553176076301962,-0.02780447216021699,-0.02780447216021699,-0.02780447216021699,0.05673825818835944,0.05673825818835944,0.05673825818835944,0.0,0.0,0.0,13.402361561167709
2017-07-15,13.621627774819988,13.420788822777432,13.786540591077673,13.621284643687787,13.62191851034372,-0.019093836233707376,-0.019093836233707376,-0.019093836233707376,-0.00030055665849038706,-0.00030055665849038706,-0.00030055665849038706,0.0007480598259214697,0.0007480598259214697,0.0007480598259214697,-0.0014310255621512006,-0.0014310255621512006,-0.0014310255621512006,0.0016190085142137017,0.0016190085142137017,0.0016190085142137017,2.652881155359243e-05,2.652881155359243e-05,2.652881155359243e-05,-0.10602967955891007,-0.10602967955891007,-0.10602967955891007,0.0001329388887645191,0.0001329388887645191,0.0001329388887645191,-0.00026310325417986107,-0.00026310325417986107,-0.00026310325417986107,0.034393927017530385,0.034393927017530385,0.034393927017530385,-0.133550464599755,-0.133550464599755,-0.133550464599755,0.0003316242006364014,0.0003316242006364014,0.0003316242006364014,-0.003988502157723066,-0.003988502157723066,-0.003988502157723066,-0.010089068739886742,-0.010089068739886742,-0.010089068739886742,-0.060732819047476835,-0.060732819047476835,-0.060732819047476835,-0.0014643774291142814,-0.0014643774291142814,-0.0014643774291142814,0.006792212570446947,0.006792212570446947,0.006792212570446947,0.00010322516652007975,0.00010322516652007975,0.00010322516652007975,0.0002030062213126479,0.0002030062213126479,0.0002030062213126479,-0.0002907552686377681,-0.0002907552686377681,-0.0002907552686377681,0.06513717388346386,0.06513717388346386,0.06513717388346386,-0.009943711760482171,-0.009943711760482171,-0.009943711760482171,0.001657124448773859,0.001657124448773859,0.001657124448773859,0.004714343609086753,0.004714343609086753,0.004714343609086753,0.00016553176076301962,0.00016553176076301962,0.00016553176076301962,0.031044010795462963,0.031044010795462963,0.031044010795462963,0.055891832529739775,0.055891832529739775,0.055891832529739775,0.0,0.0,0.0,13.60253393858628
2017-07-16,13.621891127528379,13.64356172116965,14.001309443631454,13.620851504944948,13.62245655169647,0.205998767246567,0.205998767246567,0.205998767246567,-0.00030055665849038706,-0.00030055665849038706,-0.00030055665849038706,0.0007480598259214697,0.0007480598259214697,0.0007480598259214697,-0.0014310255621512006,-0.0014310255621512006,-0.0014310255621512006,0.0016190085142137017,0.0016190085142137017,0.0016190085142137017,2.652881155359243e-05,2.652881155359243e-05,2.652881155359243e-05,0.07642156004091182,0.07642156004091182,0.07642156004091182,0.0001329388887645191,0.0001329388887645191,0.0001329388887645191,-0.00026310325417986107,-0.00026310325417986107,-0.00026310325417986107,0.034393927017530385,0.034393927017530385,0.034393927017530385,0.01996712607622691,0.01996712607622691,0.01996712607622691,0.0003316242006364014,0.0003316242006364014,0.0003316242006364014,-0.003988502157723066,-0.003988502157723066,-0.003988502157723066,-0.010089068739886742,-0.010089068739886742,-0.010089068739886742,-0.030175785484041377,-0.030175785484041377,-0.030175785484041377,-0.0014643774291142814,-0.0014643774291142814,-0.0014643774291142814,0.006792212570446947,0.006792212570446947,0.006792212570446947,0.00010322516652007975,0.00010322516652007975,0.00010322516652007975,0.0002030062213126479,0.0002030062213126479,0.0002030062213126479,-0.0002907552686377681,-0.0002907552686377681,-0.0002907552686377681,0.06513717388346386,0.06513717388346386,0.06513717388346386,-0.009943711760482171,-0.009943711760482171,-0.009943711760482171,0.001657124448773859,0.001657124448773859,0.001657124448773859,0.003090958969491275,0.003090958969491275,0.003090958969491275,0.00016553176076301962,0.00016553176076301962,0.00016553176076301962,0.07513865828192313,0.07513865828192313,0.07513865828192313,0.05443854892373211,0.05443854892373211,0.05443854892373211,0.0,0.0,0.0,13.827889894774946
2017-07-17,13.62215448023677,13.405067278740841,13.785013672987757,13.620702722413094,13.622969254245666,-0.02067447307481619,-0.02067447307481619,-0.02067447307481619,-0.00030055665849038706,-0.00030055665849038706,-0.00030055665849038706,0.0007480598259214697,0.0007480598259214697,0.0007480598259214697,-0.0014310255621512006,-0.0014310255621512006,-0.0014310255621512006,0.0016190085142137017,0.0016190085142137017,0.0016190085142137017,2.652881155359243e-05,2.652881155359243e-05,2.652881155359243e-05,-0.05498387882368355,-0.05498387882368355,-0.05498387882368355,0.0001329388887645191,0.0001329388887645191,0.0001329388887645191,-0.00026310325417986107,-0.00026310325417986107,-0.00026310325417986107,-0.230044369683733,-0.230044369683733,-0.230044369683733,0.01996712607622691,0.01996712607622691,0.01996712607622691,-0.002188096782339598,-0.002188096782339598,-0.002188096782339598,0.02596445850125451,0.02596445850125451,0.02596445850125451,0.06702220887726193,0.06702220887726193,0.06702220887726193,0.00038124807939407936,0.00038124807939407936,0.00038124807939407936,-0.0014643774291142814,-0.0014643774291142814,-0.0014643774291142814,0.006792212570446947,0.006792212570446947,0.006792212570446947,0.00010322516652007975,0.00010322516652007975,0.00010322516652007975,0.0002030062213126479,0.0002030062213126479,0.0002030062213126479,-0.0002907552686377681,-0.0002907552686377681,-0.0002907552686377681,0.06513717388346386,0.06513717388346386,0.06513717388346386,-0.009943711760482171,-0.009943711760482171,-0.009943711760482171,0.001657124448773859,0.001657124448773859,0.001657124448773859,0.00102226594957357,0.00102226594957357,0.00102226594957357,0.00016553176076301962,0.00016553176076301962,0.00016553176076301962,-0.018053559671123407,-0.018053559671123407,-0.018053559671123407,0.05236296541999081,0.05236296541999081,0.05236296541999081,0.0,0.0,0.0,13.601480007161953
2017-07-18,13.62241783294516,13.282315420500412,13.639302231667328,13.620534008450447,13.623515248235359,-0.1626788546005703,-0.1626788546005703,-0.1626788546005703,-0.00030055665849038706,-0.00030055665849038706,-0.00030055665849038706,0.0007480598259214697,0.0007480598259214697,0.0007480598259214697,-0.0014310255621512006,-0.0014310255621512006,-0.0014310255621512006,0.0016190085142137017,0.0016190085142137017,0.0016190085142137017,2.652881155359243e-05,2.652881155359243e-05,2.652881155359243e-05,-0.2084160221629595,-0.2084160221629595,-0.2084160221629595,0.0001329388887645191,0.0001329388887645191,0.0001329388887645191,-0.00026310325417986107,-0.00026310325417986107,-0.00026310325417986107,-0.230044369683733,-0.230044369683733,-0.230044369683733,-0.133550464599755,-0.133550464599755,-0.133550464599755,-0.002188096782339598,-0.002188096782339598,-0.002188096782339598,0.02596445850125451,0.02596445850125451,0.02596445850125451,0.06702220887726193,0.06702220887726193,0.06702220887726193,0.00038124807939407936,0.00038124807939407936,0.00038124807939407936,-0.0014643774291142814,-0.0014643774291142814,-0.0014643774291142814,0.006792212570446947,0.006792212570446947,0.006792212570446947,0.00010322516652007975,0.00010322516652007975,0.00010322516652007975,0.0002030062213126479,0.0002030062213126479,0.0002030062213126479,-0.0002907552686377681,-0.0002907552686377681,-0.0002907552686377681,0.06513717388346386,0.06513717388346386,0.06513717388346386,-0.009943711760482171,-0.009943711760482171,-0.009943711760482171,0.001657124448773859,0.001657124448773859,0.001657124448773859,0.001107713286279552,0.001107713286279552,0.001107713286279552,0.00016553176076301962,0.00016553176076301962,0.00016553176076301962,-0.003918684404189724,-0.003918684404189724,-0.003918684404189724,0.04965585196657897,0.04965585196657897,0.04965585196657897,0.0,0.0,0.0,13.45973897834459
2017-07-19,13.622681185653551,13.307717933070963,13.66174069395661,13.620332997092024,13.624164215824049,-0.13875585300799823,-0.13875585300799823,-0.13875585300799823,-0.00030055665849038706,-0.00030055665849038706,-0.00030055665849038706,0.0007480598259214697,0.0007480598259214697,0.0007480598259214697,-0.0014310255621512006,-0.0014310255621512006,-0.0014310255621512006,0.0016190085142137017,0.0016190085142137017,0.0016190085142137017,2.652881155359243e-05,2.652881155359243e-05,2.652881155359243e-05,-0.2084961885896951,-0.2084961885896951,-0.2084961885896951,0.0001329388887645191,0.0001329388887645191,0.0001329388887645191,-0.00026310325417986107,-0.00026310325417986107,-0.00026310325417986107,-0.230044369683733,-0.230044369683733,-0.230044369683733,-0.133550464599755,-0.133550464599755,-0.133550464599755,-0.002188096782339598,-0.002188096782339598,-0.002188096782339598,0.02596445850125451,0.02596445850125451,0.02596445850125451,0.06702220887726193,0.06702220887726193,0.06702220887726193,0.00038124807939407936,0.00038124807939407936,0.00038124807939407936,-0.0014643774291142814,-0.0014643774291142814,-0.0014643774291142814,0.006792212570446947,0.006792212570446947,0.006792212570446947,0.00010322516652007975,0.00010322516652007975,0.00010322516652007975,0.0002030062213126479,0.0002030062213126479,0.0002030062213126479,-0.0002907552686377681,-0.0002907552686377681,-0.0002907552686377681,0.06513717388346386,0.06513717388346386,0.06513717388346386,-0.009943711760482171,-0.009943711760482171,-0.009943711760482171,0.001657124448773859,0.001657124448773859,0.001657124448773859,0.0010275468595439367,0.0010275468595439367,0.0010275468595439367,0.00016553176076301962,0.00016553176076301962,0.00016553176076301962,0.023425719889349425,0.023425719889349425,0.023425719889349425,0.04631461569234752,0.04631461569234752,0.04631461569234752,0.0,0.0,0.0,13.483925332645553
2017-07-20,13.62294453836194,13.19291624203459,13.554777517469438,13.620062846152983,13.624963389534713,-0.24674365580136057,-0.24674365580136057,-0.24674365580136057,-0.00030055665849038706,-0.00030055665849038706,-0.00030055665849038706,0.0007480598259214697,0.0007480598259214697,0.0007480598259214697,-0.0014310255621512006,-0.0014310255621512006,-0.0014310255621512006,0.0016190085142137017,0.0016190085142137017,0.0016190085142137017,2.652881155359243e-05,2.652881155359243e-05,2.652881155359243e-05,-0.2092556675934991,-0.2092556675934991,-0.2092556675934991,0.0001329388887645191,0.0001329388887645191,0.0001329388887645191,-0.00026310325417986107,-0.00026310325417986107,-0.00026310325417986107,-0.230044369683733,-0.230044369683733,-0.230044369683733,-0.133550464599755,-0.133550464599755,-0.133550464599755,-0.002188096782339598,-0.002188096782339598,-0.002188096782339598,0.02596445850125451,0.02596445850125451,0.02596445850125451,0.06702220887726193,0.06702220887726193,0.06702220887726193,0.00038124807939407936,0.00038124807939407936,0.00038124807939407936,-0.0014643774291142814,-0.0014643774291142814,-0.0014643774291142814,0.006792212570446947,0.006792212570446947,0.006792212570446947,0.00010322516652007975,0.00010322516652007975,0.00010322516652007975,0.0002030062213126479,0.0002030062213126479,0.0002030062213126479,-0.0002907552686377681,-0.0002907552686377681,-0.0002907552686377681,0.06513717388346386,0.06513717388346386,0.06513717388346386,-0.009943711760482171,-0.009943711760482171,-0.009943711760482171,0.001657124448773859,0.001657124448773859,0.001657124448773859,0.00026806785573996764,0.00026806785573996764,0.00026806785573996764,0.00016553176076301962,0.00016553176076301962,0.00016553176076301962,-0.07983167273146043,-0.07983167273146043,-0.07983167273146043,0.042343684523599,0.042343684523599,0.042343684523599,0.0,0.0,0.0,13.37620088256058
2017-07-21,13.623207891070331,13.233380203210839,13.610716840012373,13.619772076033318,13.625950112139943,-0.19808058815137194,-0.19808058815137194,-0.19808058815137194,-0.00030055665849038706,-0.00030055665849038706,-0.00030055665849038706,0.0007480598259214697,0.0007480598259214697,0.0007480598259214697,-0.0014310255621512006,-0.0014310255621512006,-0.0014310255621512006,0.0016190085142137017,0.0016190085142137017,0.0016190085142137017,2.652881155359243e-05,2.652881155359243e-05,2.652881155359243e-05,-0.20803095257051815,-0.20803095257051815,-0.20803095257051815,0.0001329388887645191,0.0001329388887645191,0.0001329388887645191,-0.00026310325417986107,-0.00026310325417986107,-0.00026310325417986107,-0.230044369683733,-0.230044369683733,-0.230044369683733,-0.133550464599755,-0.133550464599755,-0.133550464599755,-0.002188096782339598,-0.002188096782339598,-0.002188096782339598,0.02596445850125451,0.02596445850125451,0.02596445850125451,0.06702220887726193,0.06702220887726193,0.06702220887726193,0.00038124807939407936,0.00038124807939407936,0.00038124807939407936,-0.0014643774291142814,-0.0014643774291142814,-0.0014643774291142814,0.006792212570446947,0.006792212570446947,0.006792212570446947,0.00010322516652007975,0.00010322516652007975,0.00010322516652007975,0.0002030062213126479,0.0002030062213126479,0.0002030062213126479,-0.0002907552686377681,-0.0002907552686377681,-0.0002907552686377681,0.06513717388346386,0.06513717388346386,0.06513717388346386,-0.009943711760482171,-0.009943711760482171,-0.009943711760482171,0.001657124448773859,0.001657124448773859,0.001657124448773859,0.0014927828787209298,0.0014927828787209298,0.0014927828787209298,0.00016553176076301962,0.00016553176076301962,0.00016553176076301962,-0.027804472160152877,-0.027804472160152877,-0.027804472160152877,0.037754836579299095,0.037754836579299095,0.037754836579299095,0.0,0.0,0.0,13.425127302918959
2017-07-22,13.623471243778722,13.45550647300158,13.817526093420437,13.619458643055447,13.626768217249053,0.017056667220163295,0.017056667220163295,0.017056667220163295,-0.00030055665849038706,-0.00030055665849038706,-0.00030055665849038706,0.0007480598259214697,0.0007480598259214697,0.0007480598259214697,-0.0014310255621512006,-0.0014310255621512006,-0.0014310255621512006,0.0016190085142137017,0.0016190085142137017,0.0016190085142137017,2.652881155359243e-05,2.652881155359243e-05,2.652881155359243e-05,-0.04655480550043649,-0.04655480550043649,-0.04655480550043649,0.0001329388887645191,0.0001329388887645191,0.0001329388887645191,-0.00026310325417986107,-0.00026310325417986107,-0.00026310325417986107,0.034393927017530385,0.034393927017530385,0.034393927017530385,-0.133550464599755,-0.133550464599755,-0.133550464599755,0.0003316242006364014,0.0003316242006364014,0.0003316242006364014,-0.003988502157723066,-0.003988502157723066,-0.003988502157723066,-0.010089068739886742,-0.010089068739886742,-0.010089068739886742,0.00038124807939407936,0.00038124807939407936,0.00038124807939407936,-0.0014643774291142814,-0.0014643774291142814,-0.0014643774291142814,0.006792212570446947,0.006792212570446947,0.006792212570446947,0.00010322516652007975,0.00010322516652007975,0.00010322516652007975,0.0002030062213126479,0.0002030062213126479,0.0002030062213126479,-0.0002907552686377681,-0.0002907552686377681,-0.0002907552686377681,0.06513717388346386,0.06513717388346386,0.06513717388346386,-0.009943711760482171,-0.009943711760482171,-0.009943711760482171,0.001657124448773859,0.001657124448773859,0.001657124448773859,0.0030751505406894333,0.0030751505406894333,0.0030751505406894333,0.00016553176076301962,0.00016553176076301962,0.00016553176076301962,0.031044010795537445,0.031044010795537445,0.031044010795537445,0.032567461925062324,0.032567461925062324,0.032567461925062324,0.0,0.0,0.0,13.640527910998886
2017-07-23,13.623734596487113,13.65958692798349,14.013092263181047,13.619311522545763,13.627574678396876,0.20843828859055222,0.20843828859055222,0.20843828859055222,-0.00030055665849038706,-0.00030055665849038706,-0.00030055665849038706,0.0007480598259214697,0.0007480598259214697,0.0007480598259214697,-0.0014310255621512006,-0.0014310255621512006,-0.0014310255621512006,0.0016190085142137017,0.0016190085142137017,0.0016190085142137017,2.652881155359243e-05,2.652881155359243e-05,2.652881155359243e-05,0.10649088745659745,0.10649088745659745,0.10649088745659745,0.0001329388887645191,0.0001329388887645191,0.0001329388887645191,-0.00026310325417986107,-0.00026310325417986107,-0.00026310325417986107,0.034393927017530385,0.034393927017530385,0.034393927017530385,0.01996712607622691,0.01996712607622691,0.01996712607622691,0.0003316242006364014,0.0003316242006364014,0.0003316242006364014,-0.003988502157723066,-0.003988502157723066,-0.003988502157723066,-0.010089068739886742,-0.010089068739886742,-0.010089068739886742,0.00038124807939407936,0.00038124807939407936,0.00038124807939407936,-0.0014643774291142814,-0.0014643774291142814,-0.0014643774291142814,0.006792212570446947,0.006792212570446947,0.006792212570446947,0.00010322516652007975,0.00010322516652007975,0.00010322516652007975,0.0002030062213126479,0.0002030062213126479,0.0002030062213126479,-0.0002907552686377681,-0.0002907552686377681,-0.0002907552686377681,0.06513717388346386,0.06513717388346386,0.06513717388346386,-0.009943711760482171,-0.009943711760482171,-0.009943711760482171,0.001657124448773859,0.001657124448773859,0.001657124448773859,0.002603252821741454,0.002603252821741454,0.002603252821741454,0.00016553176076301962,0.00016553176076301962,0.00016553176076301962,0.07513865828172141,0.07513865828172141,0.07513865828172141,0.026808742852233402,0.026808742852233402,0.026808742852233402,0.0,0.0,0.0,13.832172885077664
2017-07-24,13.623997949195504,13.396138519194222,13.75101605967497,13.618889317102932,13.628230005065953,-0.0527267548863643,-0.0527267548863643,-0.0527267548863643,-0.00030055665849038706,-0.00030055665849038706,-0.00030055665849038706,0.0007480598259214697,0.0007480598259214697,0.0007480598259214697,-0.0014310255621512006,-0.0014310255621512006,-0.0014310255621512006,0.0016190085142137017,0.0016190085142137017,0.0016190085142137017,2.652881155359243e-05,2.652881155359243e-05,2.652881155359243e-05,-0.05518693415560966,-0.05518693415560966,-0.05518693415560966,0.0001329388887645191,0.0001329388887645191,0.0001329388887645191,-0.00026310325417986107,-0.00026310325417986107,-0.00026310325417986107,-0.230044369683733,-0.230044369683733,-0.230044369683733,0.01996712607622691,0.01996712607622691,0.01996712607622691,-0.002188096782339598,-0.002188096782339598,-0.002188096782339598,0.02596445850125451,0.02596445850125451,0.02596445850125451,0.06702220887726193,0.06702220887726193,0.06702220887726193,0.00038124807939407936,0.00038124807939407936,0.00038124807939407936,-0.0014643774291142814,-0.0014643774291142814,-0.0014643774291142814,0.006792212570446947,0.006792212570446947,0.006792212570446947,0.00010322516652007975,0.00010322516652007975,0.00010322516652007975,0.0002030062213126479,0.0002030062213126479,0.0002030062213126479,-0.0002907552686377681,-0.0002907552686377681,-0.0002907552686377681,0.06513717388346386,0.06513717388346386,0.06513717388346386,-0.009943711760482171,-0.009943711760482171,-0.009943711760482171,0.001657124448773859,0.001657124448773859,0.001657124448773859,0.0008192106176474759,0.0008192106176474759,0.0008192106176474759,0.00016553176076301962,0.00016553176076301962,0.00016553176076301962,-0.018053559670869333,-0.018053559670869333,-0.018053559670869333,0.020513738940114733,0.020513738940114733,0.020513738940114733,0.0,0.0,0.0,13.571271194309139
2017-07-25,13.624261301903895,13.248387890759147,13.599572164308395,13.618784746909578,13.629613168314787,-0.19921584247339752,-0.19921584247339752,-0.19921584247339752,-0.00030055665849038706,-0.00030055665849038706,-0.00030055665849038706,0.0007480598259214697,0.0007480598259214697,0.0007480598259214697,-0.0014310255621512006,-0.0014310255621512006,-0.0014310255621512006,0.0016190085142137017,0.0016190085142137017,0.0016190085142137017,2.652881155359243e-05,2.652881155359243e-05,2.652881155359243e-05,-0.20902252186581693,-0.20902252186581693,-0.20902252186581693,0.0001329388887645191,0.0001329388887645191,0.0001329388887645191,-0.00026310325417986107,-0.00026310325417986107,-0.00026310325417986107,-0.230044369683733,-0.230044369683733,-0.230044369683733,-0.133550464599755,-0.133550464599755,-0.133550464599755,-0.002188096782339598,-0.002188096782339598,-0.002188096782339598,0.02596445850125451,0.02596445850125451,0.02596445850125451,0.06702220887726193,0.06702220887726193,0.06702220887726193,0.00038124807939407936,0.00038124807939407936,0.00038124807939407936,-0.0014643774291142814,-0.0014643774291142814,-0.0014643774291142814,0.006792212570446947,0.006792212570446947,0.006792212570446947,0.00010322516652007975,0.00010322516652007975,0.00010322516652007975,0.0002030062213126479,0.0002030062213126479,0.0002030062213126479,-0.0002907552686377681,-0.0002907552686377681,-0.0002907552686377681,0.06513717388346386,0.06513717388346386,0.06513717388346386,-0.009943711760482171,-0.009943711760482171,-0.009943711760482171,0.001657124448773859,0.001657124448773859,0.001657124448773859,0.0005012135834221161,0.0005012135834221161,0.0005012135834221161,0.00016553176076301962,0.00016553176076301962,0.00016553176076301962,-0.003918684404027612,-0.003918684404027612,-0.003918684404027612,0.013725363796447078,0.013725363796447078,0.013725363796447078,0.0,0.0,0.0,13.425045459430496
2017-07-26,13.624524654612285,13.262946366255933,13.618850882491296,13.61836643060636,13.630413646646675,-0.17891145478781387,-0.17891145478781387,-0.17891145478781387,-0.00030055665849038706,-0.00030055665849038706,-0.00030055665849038706,0.0007480598259214697,0.0007480598259214697,0.0007480598259214697,-0.0014310255621512006,-0.0014310255621512006,-0.0014310255621512006,0.0016190085142137017,0.0016190085142137017,0.0016190085142137017,2.652881155359243e-05,2.652881155359243e-05,2.652881155359243e-05,-0.20883141625259116,-0.20883141625259116,-0.20883141625259116,0.0001329388887645191,0.0001329388887645191,0.0001329388887645191,-0.00026310325417986107,-0.00026310325417986107,-0.00026310325417986107,-0.230044369683733,-0.230044369683733,-0.230044369683733,-0.133550464599755,-0.133550464599755,-0.133550464599755,-0.002188096782339598,-0.002188096782339598,-0.002188096782339598,0.02596445850125451,0.02596445850125451,0.02596445850125451,0.06702220887726193,0.06702220887726193,0.06702220887726193,0.00038124807939407936,0.00038124807939407936,0.00038124807939407936,-0.0014643774291142814,-0.0014643774291142814,-0.0014643774291142814,0.006792212570446947,0.006792212570446947,0.006792212570446947,0.00010322516652007975,0.00010322516652007975,0.00010322516652007975,0.0002030062213126479,0.0002030062213126479,0.0002030062213126479,-0.0002907552686377681,-0.0002907552686377681,-0.0002907552686377681,0.06513717388346386,0.06513717388346386,0.06513717388346386,-0.009943711760482171,-0.009943711760482171,-0.009943711760482171,0.001657124448773859,0.001657124448773859,0.001657124448773859,0.0006923191966478851,0.0006923191966478851,0.0006923191966478851,0.00016553176076301962,0.00016553176076301962,0.00016553176076301962,0.023425719889351822,0.023425719889351822,0.023425719889351822,0.006494241575425482,0.006494241575425482,0.006494241575425482,0.0,0.0,0.0,13.445613199824471
2017-07-27,13.624788007320676,13.141827280491878,13.531972756908472,13.617485847049762,13.631278807348599,-0.2901669846119213,-0.2901669846119213,-0.2901669846119213,-0.00030055665849038706,-0.00030055665849038706,-0.00030055665849038706,0.0007480598259214697,0.0007480598259214697,0.0007480598259214697,-0.0014310255621512006,-0.0014310255621512006,-0.0014310255621512006,0.0016190085142137017,0.0016190085142137017,0.0016190085142137017,2.652881155359243e-05,2.652881155359243e-05,2.652881155359243e-05,-0.2092137450220925,-0.2092137450220925,-0.2092137450220925,0.0001329388887645191,0.0001329388887645191,0.0001329388887645191,-0.00026310325417986107,-0.00026310325417986107,-0.00026310325417986107,-0.230044369683733,-0.230044369683733,-0.230044369683733,-0.133550464599755,-0.133550464599755,-0.133550464599755,-0.002188096782339598,-0.002188096782339598,-0.002188096782339598,0.02596445850125451,0.02596445850125451,0.02596445850125451,0.06702220887726193,0.06702220887726193,0.06702220887726193,0.00038124807939407936,0.00038124807939407936,0.00038124807939407936,-0.0014643774291142814,-0.0014643774291142814,-0.0014643774291142814,0.006792212570446947,0.006792212570446947,0.006792212570446947,0.00010322516652007975,0.00010322516652007975,0.00010322516652007975,0.0002030062213126479,0.0002030062213126479,0.0002030062213126479,-0.0002907552686377681,-0.0002907552686377681,-0.0002907552686377681,0.06513717388346386,0.06513717388346386,0.06513717388346386,-0.009943711760482171,-0.009943711760482171,-0.009943711760482171,0.001657124448773859,0.001657124448773859,0.001657124448773859,0.0003099904271465759,0.0003099904271465759,0.0003099904271465759,0.00016553176076301962,0.00016553176076301962,0.00016553176076301962,-0.07983167273143969,-0.07983167273143969,-0.07983167273143969,-0.0011215668583890819,-0.0011215668583890819,-0.0011215668583890819,0.0,0.0,0.0,13.334621022708754
2017-07-28,13.625051360029065,13.202342391515252,13.564050419484618,13.616993417609384,13.632682996213068,-0.24462569320079136,-0.24462569320079136,-0.24462569320079136,-0.00030055665849038706,-0.00030055665849038706,-0.00030055665849038706,0.0007480598259214697,0.0007480598259214697,0.0007480598259214697,-0.0014310255621512006,-0.0014310255621512006,-0.0014310255621512006,0.0016190085142137017,0.0016190085142137017,0.0016190085142137017,2.652881155359243e-05,2.652881155359243e-05,2.652881155359243e-05,-0.20776424510543975,-0.20776424510543975,-0.20776424510543975,0.0001329388887645191,0.0001329388887645191,0.0001329388887645191,-0.00026310325417986107,-0.00026310325417986107,-0.00026310325417986107,-0.230044369683733,-0.230044369683733,-0.230044369683733,-0.133550464599755,-0.133550464599755,-0.133550464599755,-0.002188096782339598,-0.002188096782339598,-0.002188096782339598,0.02596445850125451,0.02596445850125451,0.02596445850125451,0.06702220887726193,0.06702220887726193,0.06702220887726193,0.00038124807939407936,0.00038124807939407936,0.00038124807939407936,-0.0014643774291142814,-0.0014643774291142814,-0.0014643774291142814,0.006792212570446947,0.006792212570446947,0.006792212570446947,0.00010322516652007975,0.00010322516652007975,0.00010322516652007975,0.0002030062213126479,0.0002030062213126479,0.0002030062213126479,-0.0002907552686377681,-0.0002907552686377681,-0.0002907552686377681,0.06513717388346386,0.06513717388346386,0.06513717388346386,-0.009943711760482171,-0.009943711760482171,-0.009943711760482171,0.001657124448773859,0.001657124448773859,0.001657124448773859,0.0017594903437992795,0.0017594903437992795,0.0017594903437992795,0.00016553176076301962,0.00016553176076301962,0.00016553176076301962,-0.027804472160101464,-0.027804472160101464,-0.027804472160101464,-0.00905697593525009,-0.00905697593525009,-0.00905697593525009,0.0,0.0,0.0,13.380425666828273
2017-07-29,13.625314712737456,13.410935282562997,13.76532695430999,13.616404919485436,13.633719243797527,-0.034066885452511055,-0.034066885452511055,-0.034066885452511055,-0.00030055665849038706,-0.00030055665849038706,-0.00030055665849038706,0.0007480598259214697,0.0007480598259214697,0.0007480598259214697,-0.0014310255621512006,-0.0014310255621512006,-0.0014310255621512006,0.0016190085142137017,0.0016190085142137017,0.0016190085142137017,2.652881155359243e-05,2.652881155359243e-05,2.652881155359243e-05,-0.04787046569732665,-0.04787046569732665,-0.04787046569732665,0.0001329388887645191,0.0001329388887645191,0.0001329388887645191,-0.00026310325417986107,-0.00026310325417986107,-0.00026310325417986107,0.034393927017530385,0.034393927017530385,0.034393927017530385,-0.133550464599755,-0.133550464599755,-0.133550464599755,0.0003316242006364014,0.0003316242006364014,0.0003316242006364014,-0.003988502157723066,-0.003988502157723066,-0.003988502157723066,-0.010089068739886742,-0.010089068739886742,-0.010089068739886742,0.00038124807939407936,0.00038124807939407936,0.00038124807939407936,-0.0014643774291142814,-0.0014643774291142814,-0.0014643774291142814,0.006792212570446947,0.006792212570446947,0.006792212570446947,0.00010322516652007975,0.00010322516652007975,0.00010322516652007975,0.0002030062213126479,0.0002030062213126479,0.0002030062213126479,-0.0002907552686377681,-0.0002907552686377681,-0.0002907552686377681,0.06513717388346386,0.06513717388346386,0.06513717388346386,-0.009943711760482171,-0.009943711760482171,-0.009943711760482171,0.001657124448773859,0.001657124448773859,0.001657124448773859,0.0017594903437992795,0.0017594903437992795,0.0017594903437992795,0.00016553176076301962,0.00016553176076301962,0.00016553176076301962,0.03104401079544629,0.03104401079544629,0.03104401079544629,-0.017240430550630695,-0.017240430550630695,-0.017240430550630695,0.0,0.0,0.0,13.591247827284946
2017-07-30,13.625578065445847,13.588929286249668,13.96264007163434,13.616002483946453,13.634746156697455,0.1551911771265536,0.1551911771265536,0.1551911771265536,-0.00030055665849038706,-0.00030055665849038706,-0.00030055665849038706,0.0007480598259214697,0.0007480598259214697,0.0007480598259214697,-0.0014310255621512006,-0.0014310255621512006,-0.0014310255621512006,0.0016190085142137017,0.0016190085142137017,0.0016190085142137017,2.652881155359243e-05,2.652881155359243e-05,2.652881155359243e-05,0.10564712497865528,0.10564712497865528,0.10564712497865528,0.0001329388887645191,0.0001329388887645191,0.0001329388887645191,-0.00026310325417986107,-0.00026310325417986107,-0.00026310325417986107,0.034393927017530385,0.034393927017530385,0.034393927017530385,0.01996712607622691,0.01996712607622691,0.01996712607622691,0.0003316242006364014,0.0003316242006364014,0.0003316242006364014,-0.003988502157723066,-0.003988502157723066,-0.003988502157723066,-0.010089068739886742,-0.010089068739886742,-0.010089068739886742,0.00038124807939407936,0.00038124807939407936,0.00038124807939407936,-0.0014643774291142814,-0.0014643774291142814,-0.0014643774291142814,0.006792212570446947,0.006792212570446947,0.006792212570446947,0.00010322516652007975,0.00010322516652007975,0.00010322516652007975,0.0002030062213126479,0.0002030062213126479,0.0002030062213126479,-0.0002907552686377681,-0.0002907552686377681,-0.0002907552686377681,0.06513717388346386,0.06513717388346386,0.06513717388346386,-0.009943711760482171,-0.009943711760482171,-0.009943711760482171,0.001657124448773859,0.001657124448773859,0.001657124448773859,0.0017594903437992795,0.0017594903437992795,0.0017594903437992795,0.00016553176076301962,0.00016553176076301962,0.00016553176076301962,0.075138658281901,0.075138658281901,0.075138658281901,-0.025594606134002672,-0.025594606134002672,-0.025594606134002672,0.0,0.0,0.0,13.7807692425724
2017-07-31,13.625841418154238,13.334065665772918,13.69685444395798,13.61550378359812,13.635636949281317,-0.10633746582735328,-0.10633746582735328,-0.10633746582735328,-0.00030055665849038706,-0.00030055665849038706,-0.00030055665849038706,0.0007480598259214697,0.0007480598259214697,0.0007480598259214697,-0.0014310255621512006,-0.0014310255621512006,-0.0014310255621512006,0.0016190085142137017,0.0016190085142137017,0.0016190085142137017,2.652881155359243e-05,2.652881155359243e-05,2.652881155359243e-05,-0.05424665442945784,-0.05424665442945784,-0.05424665442945784,0.0001329388887645191,0.0001329388887645191,0.0001329388887645191,-0.00026310325417986107,-0.00026310325417986107,-0.00026310325417986107,-0.230044369683733,-0.230044369683733,-0.230044369683733,0.01996712607622691,0.01996712607622691,0.01996712607622691,-0.002188096782339598,-0.002188096782339598,-0.002188096782339598,0.02596445850125451,0.02596445850125451,0.02596445850125451,0.06702220887726193,0.06702220887726193,0.06702220887726193,0.00038124807939407936,0.00038124807939407936,0.00038124807939407936,-0.0014643774291142814,-0.0014643774291142814,-0.0014643774291142814,0.006792212570446947,0.006792212570446947,0.006792212570446947,0.00010322516652007975,0.00010322516652007975,0.00010322516652007975,0.0002030062213126479,0.0002030062213126479,0.0002030062213126479,-0.0002907552686377681,-0.0002907552686377681,-0.0002907552686377681,0.06513717388346386,0.06513717388346386,0.06513717388346386,-0.009943711760482171,-0.009943711760482171,-0.009943711760482171,0.001657124448773859,0.001657124448773859,0.001657124448773859,0.0017594903437992795,0.0017594903437992795,0.0017594903437992795,0.00016553176076301962,0.00016553176076301962,0.00016553176076301962,-0.018053559671026096,-0.018053559671026096,-0.018053559671026096,-0.03403725172686929,-0.03403725172686929,-0.03403725172686929,0.0,0.0,0.0,13.519503952326884
2017-08-01,13.626104770862629,13.18538396799664,13.55410360014247,13.6149184966996,13.636940003788842,-0.25416509980326374,-0.25416509980326374,-0.25416509980326374,-0.00030055665849038706,-0.00030055665849038706,-0.00030055665849038706,0.0007480598259214697,0.0007480598259214697,0.0007480598259214697,-0.0014310255621512006,-0.0014310255621512006,-0.0014310255621512006,0.0016190085142137017,0.0016190085142137017,0.0016190085142137017,2.652881155359243e-05,2.652881155359243e-05,2.652881155359243e-05,-0.20776424510543975,-0.20776424510543975,-0.20776424510543975,0.0001329388887645191,0.0001329388887645191,0.0001329388887645191,-0.00026310325417986107,-0.00026310325417986107,-0.00026310325417986107,-0.230044369683733,-0.230044369683733,-0.230044369683733,-0.133550464599755,-0.133550464599755,-0.133550464599755,-0.002188096782339598,-0.002188096782339598,-0.002188096782339598,0.02596445850125451,0.02596445850125451,0.02596445850125451,0.06702220887726193,0.06702220887726193,0.06702220887726193,0.00038124807939407936,0.00038124807939407936,0.00038124807939407936,-0.0014643774291142814,-0.0014643774291142814,-0.0014643774291142814,0.006792212570446947,0.006792212570446947,0.006792212570446947,0.00010322516652007975,0.00010322516652007975,0.00010322516652007975,0.0002030062213126479,0.0002030062213126479,0.0002030062213126479,-0.0002907552686377681,-0.0002907552686377681,-0.0002907552686377681,0.06513717388346386,0.06513717388346386,0.06513717388346386,-0.009943711760482171,-0.009943711760482171,-0.009943711760482171,0.001657124448773859,0.001657124448773859,0.001657124448773859,0.0017594903437992795,0.0017594903437992795,0.0017594903437992795,0.00016553176076301962,0.00016553176076301962,0.00016553176076301962,-0.0039186844040355094,-0.0039186844040355094,-0.0039186844040355094,-0.042482170293788396,-0.042482170293788396,-0.042482170293788396,0.0,0.0,0.0,13.371939671059366
2017-08-02,13.62636812357102,13.210226490718311,13.572212019785463,13.614421453357723,13.638313749682013,-0.23517885166698163,-0.23517885166698163,-0.23517885166698163,-0.00030055665849038706,-0.00030055665849038706,-0.00030055665849038706,0.0007480598259214697,0.0007480598259214697,0.0007480598259214697,-0.0014310255621512006,-0.0014310255621512006,-0.0014310255621512006,0.0016190085142137017,0.0016190085142137017,0.0016190085142137017,2.652881155359243e-05,2.652881155359243e-05,2.652881155359243e-05,-0.20776424510543987,-0.20776424510543987,-0.20776424510543987,0.0001329388887645191,0.0001329388887645191,0.0001329388887645191,-0.00026310325417986107,-0.00026310325417986107,-0.00026310325417986107,-0.230044369683733,-0.230044369683733,-0.230044369683733,-0.133550464599755,-0.133550464599755,-0.133550464599755,-0.002188096782339598,-0.002188096782339598,-0.002188096782339598,0.02596445850125451,0.02596445850125451,0.02596445850125451,0.06702220887726193,0.06702220887726193,0.06702220887726193,0.00038124807939407936,0.00038124807939407936,0.00038124807939407936,-0.0014643774291142814,-0.0014643774291142814,-0.0014643774291142814,0.006792212570446947,0.006792212570446947,0.006792212570446947,0.00010322516652007975,0.00010322516652007975,0.00010322516652007975,0.0002030062213126479,0.0002030062213126479,0.0002030062213126479,-0.0002907552686377681,-0.0002907552686377681,-0.0002907552686377681,0.06513717388346386,0.06513717388346386,0.06513717388346386,-0.009943711760482171,-0.009943711760482171,-0.009943711760482171,0.001657124448773859,0.001657124448773859,0.001657124448773859,0.0017594903437992795,0.0017594903437992795,0.0017594903437992795,0.00016553176076301962,0.00016553176076301962,0.00016553176076301962,0.023425719889354213,0.023425719889354213,0.023425719889354213,-0.050840326450896076,-0.050840326450896076,-0.050840326450896076,0.0,0.0,0.0,13.391189271904038
2017-08-03,13.62663147627941,13.102332468709927,13.469978601310219,13.613865734301784,13.640216572150031,-0.3466169855656173,-0.3466169855656173,-0.3466169855656173,-0.00030055665849038706,-0.00030055665849038706,-0.00030055665849038706,0.0007480598259214697,0.0007480598259214697,0.0007480598259214697,-0.0014310255621512006,-0.0014310255621512006,-0.0014310255621512006,0.0016190085142137017,0.0016190085142137017,0.0016190085142137017,2.652881155359243e-05,2.652881155359243e-05,2.652881155359243e-05,-0.20776424510543987,-0.20776424510543987,-0.20776424510543987,0.0001329388887645191,0.0001329388887645191,0.0001329388887645191,-0.00026310325417986107,-0.00026310325417986107,-0.00026310325417986107,-0.230044369683733,-0.230044369683733,-0.230044369683733,-0.133550464599755,-0.133550464599755,-0.133550464599755,-0.002188096782339598,-0.002188096782339598,-0.002188096782339598,0.02596445850125451,0.02596445850125451,0.02596445850125451,0.06702220887726193,0.06702220887726193,0.06702220887726193,0.00038124807939407936,0.00038124807939407936,0.00038124807939407936,-0.0014643774291142814,-0.0014643774291142814,-0.0014643774291142814,0.006792212570446947,0.006792212570446947,0.006792212570446947,0.00010322516652007975,0.00010322516652007975,0.00010322516652007975,0.0002030062213126479,0.0002030062213126479,0.0002030062213126479,-0.0002907552686377681,-0.0002907552686377681,-0.0002907552686377681,0.06513717388346386,0.06513717388346386,0.06513717388346386,-0.009943711760482171,-0.009943711760482171,-0.009943711760482171,0.001657124448773859,0.001657124448773859,0.001657124448773859,0.0017594903437992795,0.0017594903437992795,0.0017594903437992795,0.00016553176076301962,0.00016553176076301962,0.00016553176076301962,-0.07983167273142551,-0.07983167273142551,-0.07983167273142551,-0.05902106772875207,-0.05902106772875207,-0.05902106772875207,0.0,0.0,0.0,13.280014490713793
2017-08-04,13.626894828987801,13.146531455613266,13.501004640666848,13.613441713936142,13.640953200434613,-0.30250215878176184,-0.30250215878176184,-0.30250215878176184,-0.00030055665849038706,-0.00030055665849038706,-0.00030055665849038706,0.0007480598259214697,0.0007480598259214697,0.0007480598259214697,-0.0014310255621512006,-0.0014310255621512006,-0.0014310255621512006,0.0016190085142137017,0.0016190085142137017,0.0016190085142137017,2.652881155359243e-05,2.652881155359243e-05,2.652881155359243e-05,-0.20776424510543987,-0.20776424510543987,-0.20776424510543987,0.0001329388887645191,0.0001329388887645191,0.0001329388887645191,-0.00026310325417986107,-0.00026310325417986107,-0.00026310325417986107,-0.230044369683733,-0.230044369683733,-0.230044369683733,-0.133550464599755,-0.133550464599755,-0.133550464599755,-0.002188096782339598,-0.002188096782339598,-0.002188096782339598,0.02596445850125451,0.02596445850125451,0.02596445850125451,0.06702220887726193,0.06702220887726193,0.06702220887726193,0.00038124807939407936,0.00038124807939407936,0.00038124807939407936,-0.0014643774291142814,-0.0014643774291142814,-0.0014643774291142814,0.006792212570446947,0.006792212570446947,0.006792212570446947,0.00010322516652007975,0.00010322516652007975,0.00010322516652007975,0.0002030062213126479,0.0002030062213126479,0.0002030062213126479,-0.0002907552686377681,-0.0002907552686377681,-0.0002907552686377681,0.06513717388346386,0.06513717388346386,0.06513717388346386,-0.009943711760482171,-0.009943711760482171,-0.009943711760482171,0.001657124448773859,0.001657124448773859,0.001657124448773859,0.0017594903437992795,0.0017594903437992795,0.0017594903437992795,0.00016553176076301962,0.00016553176076301962,0.00016553176076301962,-0.027804472160193237,-0.027804472160193237,-0.027804472160193237,-0.06693344151612876,-0.06693344151612876,-0.06693344151612876,0.0,0.0,0.0,13.32439267020604
