forecast_made_on,ds,yhat,yhat_lower,yhat_upper
2017-05-26,2017-05-27,1151658.4546323314,1009906.8082041304,1331587.287277313
2017-05-26,2017-05-28,1255009.7250168866,1083879.8275877128,1448398.558814432
2017-05-26,2017-05-29,974948.480651485,844248.4416198286,1126518.990586828
2017-05-26,2017-05-30,903096.5283543415,775943.6231420224,1039776.9851774533
2017-05-26,2017-05-31,941314.1630209388,808868.0804272204,1087589.1296797704
2017-05-26,2017-06-01,825646.2306717881,714889.1011048681,960329.3424046607
2017-05-26,2017-06-02,914492.3044313698,794115.4601845752,1050147.013257621
2017-05-26,2017-06-03,1161676.5589354616,997043.2196728362,1348460.1071529419
2017-05-26,2017-06-04,1267260.3989824944,1082719.8902242957,1457444.6189271705
2017-05-26,2017-06-05,977563.7195091763,852708.3568094062,1121270.2563578873
2017-05-26,2017-06-06,906463.746751348,784627.76598336,1046868.2180580227
2017-05-26,2017-06-07,944243.875820924,817167.2896628896,1082078.702996704
2017-05-26,2017-06-08,828426.6796527336,712320.915108869,960134.9083151271
2017-05-26,2017-06-09,920507.067193175,794129.6755756186,1069460.527633886
2017-05-26,2017-06-10,1169294.0493178342,1016487.4951691913,1342243.3358464353
2017-05-26,2017-06-11,1271988.2081607508,1104649.833077626,1470571.9627539127
2017-05-26,2017-06-12,982151.5537723938,850739.0592661441,1149085.3083609084
2017-05-26,2017-06-13,911231.4795430979,782584.0812028259,1054688.4354932017
2017-05-26,2017-06-14,948875.8294064532,811320.8753032481,1096592.4860251267
2017-05-26,2017-06-15,834133.5351894308,723306.4429026553,967625.2602481943
2017-05-26,2017-06-16,923009.93488943,803752.1460770192,1074445.9086677504
2017-05-26,2017-06-17,1170439.5578331654,1002310.8314506324,1357981.6961705699
2017-05-26,2017-06-18,1276681.5100536412,1106029.9028747338,1485660.1681128058
2017-05-26,2017-06-19,985921.0388082151,848814.7585499634,1137346.6270432475
2017-05-26,2017-06-20,914334.5215566161,791730.6547388982,1049662.0647546875
2017-05-26,2017-06-21,952383.1098304287,820851.3936674799,1109210.770424313
2017-05-26,2017-06-22,835840.203765797,728616.8871076291,962085.4669419621
2017-05-26,2017-06-23,929367.84035381,802993.1570060266,1069221.7979969669
2017-05-26,2017-06-24,1176521.7574034105,1020098.8833412043,1349028.1075358633
2017-05-26,2017-06-25,1284348.97079025,1110570.4886453524,1492919.0529439799
2017-05-26,2017-06-26,995452.2265526757,859781.5819506843,1141117.8164463064
2017-05-26,2017-06-27,924474.168761477,799037.4846005071,1062317.559654707
2017-05-26,2017-06-28,964104.2689141233,834987.4894831759,1124934.587393016
2017-05-26,2017-06-29,847729.4136659577,729659.8041523768,978864.644273421
2017-05-26,2017-06-30,941124.299997368,815270.5838724445,1081343.6201072014
2017-05-27,2017-05-28,1073732.4018299452,938344.5541138862,1237686.0303531976
2017-05-27,2017-05-29,834122.5440212212,723430.720735812,964162.4831635348
2017-05-27,2017-05-30,772667.9401768133,672045.1123966629,889716.0127455862
2017-05-27,2017-05-31,805385.9568644931,693778.8324577445,923827.485696854
2017-05-27,2017-06-01,706442.0878641412,610990.6525333179,814866.5009873693
2017-05-27,2017-06-02,782509.8739873123,678741.8073510907,905583.5439988244
2017-05-27,2017-06-03,994037.3378716664,859728.229073341,1140548.5466448674
2017-05-27,2017-06-04,1084502.8575952738,936488.0290067554,1238040.6184533185
2017-05-27,2017-06-05,836665.683943792,723095.5102778224,952145.0550745312
2017-05-27,2017-06-06,775856.1008249159,676127.0461171268,904620.7732635136
2017-05-27,2017-06-07,808243.5500441093,694359.0533364401,936647.0618243959
2017-05-27,2017-06-08,709148.7225592962,614204.3589996521,818002.0941023394
2017-05-27,2017-06-09,788013.1257281614,684446.1952505055,901226.2061710897
2017-05-27,2017-06-10,1001042.7533173817,867064.2599152231,1155059.1207456612
2017-05-27,2017-06-11,1089118.4636947927,951425.4298752975,1269268.666000412
2017-05-27,2017-06-12,841028.901371531,733151.7663828976,962592.0044765398
2017-05-27,2017-06-13,780340.532481011,676154.6710717122,913878.1160205025
2017-05-27,2017-06-14,812628.3434150796,694993.5158752999,933950.4363549376
2017-05-27,2017-06-15,714934.0401524908,620451.2818472184,829092.9295554591
2017-05-27,2017-06-16,790562.0110152931,680152.6414187442,908321.3377626016
2017-05-27,2017-06-17,1002527.9711780032,863218.8536648448,1155601.817574655
2017-05-27,2017-06-18,1093636.7216176523,944811.8843991695,1261977.9980767563
2017-05-27,2017-06-19,844616.0297882388,729071.477846808,980298.4531498427
2017-05-27,2017-06-20,783306.7722284597,676672.3650113236,911753.6566005785
2017-05-27,2017-06-21,815921.6233882988,706751.7309041147,938174.229244681
2017-05-27,2017-06-22,716081.4556126959,619579.3369542129,819111.0384848515
2017-05-27,2017-06-23,796207.3159439971,692423.5492487481,932536.6090499487
2017-05-27,2017-06-24,1007969.9043576145,881412.6121709697,1172351.1754810638
2017-05-27,2017-06-25,1100407.1797789957,948409.6695353041,1288736.788233681
2017-05-27,2017-06-26,852881.1884446768,744390.3850677795,994262.4522661282
2017-05-27,2017-06-27,792048.5209001171,690549.4051297948,920378.3223901659
2017-05-27,2017-06-28,825985.1244111684,713310.194621925,948268.6276935564
2017-05-27,2017-06-29,726253.6491925876,629682.4186907939,842730.698588953
2017-05-27,2017-06-30,806252.0952227898,695329.5070224791,934738.8537025709
2017-05-27,2017-07-01,1022122.0375819391,869694.0623032406,1194131.7666450092
2017-05-28,2017-05-29,872054.2880478748,756420.7165768067,1005415.1819306532
2017-05-28,2017-05-30,807770.501406404,692286.4634927773,928312.5516919032
2017-05-28,2017-05-31,841900.7529251954,730648.0289926775,979652.9094185372
2017-05-28,2017-06-01,738413.3881997623,633491.6464774921,851261.1355908321
2017-05-28,2017-06-02,817863.4051358686,712511.9806991561,949542.0372336534
2017-05-28,2017-06-03,1038854.8167217001,908138.2557409283,1198515.068765996
2017-05-28,2017-06-04,1133476.9731520424,977685.1852500192,1320884.4932882623
2017-05-28,2017-06-05,874411.231134784,758243.5342452724,1002677.037179826
2017-05-28,2017-06-06,810829.2195651472,700586.2567708832,940835.7550785943
2017-05-28,2017-06-07,844630.6143520899,741400.0871960571,967780.9121543608
2017-05-28,2017-06-08,741034.378354034,648155.4971921017,862143.5083059147
2017-05-28,2017-06-09,823406.4985693125,705615.2964855632,949300.4304357105
2017-05-28,2017-06-10,1045952.1059040333,901191.9663430518,1200439.6991667927
2017-05-28,2017-06-11,1137861.42003243,982054.3605394436,1325687.3111325367
2017-05-28,2017-06-12,878656.499228442,765065.8766884083,1016407.6939603281
2017-05-28,2017-06-13,815249.6837981757,707269.2865986758,935777.9838243143
2017-05-28,2017-06-14,848969.1336335294,743940.6535174702,975883.6814647969
2017-05-28,2017-06-15,746975.4519657742,645411.4799063256,857937.2525968023
2017-05-28,2017-06-16,825902.4015408382,721374.2169279642,959122.4388318846
2017-05-28,2017-06-17,1047335.0807191067,912829.5073967847,1204421.2073190566
2017-05-28,2017-06-18,1142480.2268726884,993821.2903354389,1315057.1655766044
2017-05-28,2017-06-19,882334.2166163593,750407.8082245673,1017751.1355518615
2017-05-28,2017-06-20,818292.0241368369,717785.2331268262,943071.2307143189
2017-05-28,2017-06-21,852347.6561030244,728450.6910966199,986390.119460128
2017-05-28,2017-06-22,748026.3121697049,643417.1233542247,859306.867372592
2017-05-28,2017-06-23,831696.5163703071,715808.2814779334,954467.7350287717
2017-05-28,2017-06-24,1052891.3727162927,915782.2270885337,1210109.43178976
2017-05-28,2017-06-25,1149121.019186223,997178.0923459044,1331839.2349220573
2017-05-28,2017-06-26,890578.1162419745,769689.9397068438,1024363.8466374461
2017-05-28,2017-06-27,827028.1072914574,713066.1762183344,951774.9968477234
2017-05-28,2017-06-28,862412.9947350877,746333.5921373673,999658.207803293
2017-05-28,2017-06-29,758222.6005548317,652038.3512058497,883458.5791594716
2017-05-28,2017-06-30,841703.2692377894,730433.041249769,972075.9859892193
2017-05-28,2017-07-01,1067013.9622206683,924412.0386036314,1237222.5090912797
2017-05-28,2017-07-02,1166439.7667012357,1000492.538606784,1347236.179047022
2017-05-29,2017-05-30,742508.5530230092,646810.7778767012,859067.7341455085
2017-05-29,2017-05-31,773837.5468727911,672032.5483910629,901408.0470184484
2017-05-29,2017-06-01,678668.3445853826,595203.9059056245,788218.4138951957
2017-05-29,2017-06-02,751662.30769601,654261.5146066698,873535.8878194429
2017-05-29,2017-06-03,954744.3951972441,821809.990123692,1099866.1301357942
2017-05-29,2017-06-04,1041673.9080729595,898395.090593733,1206866.9479659423
2017-05-29,2017-06-05,804613.7277302032,699105.4513612202,930975.9823078117
2017-05-29,2017-06-06,746076.5598262446,650048.0746006282,865590.3016981982
2017-05-29,2017-06-07,777167.0347455759,670589.163838178,900711.5146247823
2017-05-29,2017-06-08,681826.5929239376,592725.5276469687,783741.9732845225
2017-05-29,2017-06-09,757621.6884126869,652130.6999164375,867423.5001722123
2017-05-29,2017-06-10,962392.5005932839,834488.562236789,1104661.736669263
2017-05-29,2017-06-11,1046962.7050952993,894048.009499898,1207867.8509045625
2017-05-29,2017-06-12,807897.3405606679,705805.4164704394,939215.3284211798
2017-05-29,2017-06-13,749585.0028408617,651881.8860762392,867238.256014535
2017-05-29,2017-06-14,780591.8299261346,677751.0820436747,913294.7181413269
2017-05-29,2017-06-15,686864.4960327558,594906.0041252323,795083.9273629577
2017-05-29,2017-06-16,759376.5019052816,656715.6529949531,883652.1736088409
2017-05-29,2017-06-17,962980.4649073882,834452.2352575705,1107806.1923632687
2017-05-29,2017-06-18,1050461.0383710593,918667.704206557,1217325.9854585316
2017-05-29,2017-06-19,811262.830732587,710645.5862495529,940034.6516132782
2017-05-29,2017-06-20,752356.4009156048,648323.4626106606,865164.145701963
2017-05-29,2017-06-21,783655.830941772,680546.1956191577,907721.8668819763
2017-05-29,2017-06-22,687717.1807121974,594041.5951082334,792028.980509364
2017-05-29,2017-06-23,764622.4571350301,655856.7460769693,885171.7706777817
2017-05-29,2017-06-24,967957.9426271901,828964.1378188641,1131230.3851820547
2017-05-29,2017-06-25,1056389.7431863025,915148.9155296022,1234142.812150427
2017-05-29,2017-06-26,817152.6228114271,706887.879629012,945705.6903739157
2017-05-29,2017-06-27,758793.475753225,654886.3837254238,879590.0562121967
2017-05-29,2017-06-28,791220.4907231088,685969.838160464,912905.5964457095
2017-05-29,2017-06-29,695583.7934478758,599489.9875992662,801046.1433313389
2017-05-29,2017-06-30,772126.8538101992,669403.5260489921,900529.2929575368
2017-05-29,2017-07-01,978766.0039569889,844729.209480155,1140759.5940214908
2017-05-29,2017-07-02,1069907.9303205817,919046.5981192542,1247518.8883203648
2017-05-29,2017-07-03,830307.8645812492,718132.8677663264,959946.168830175
2017-05-30,2017-05-31,801730.3314637981,699361.8638452627,920117.896201258
2017-05-30,2017-06-01,703155.6525528998,610929.415455711,812321.4261333854
2017-05-30,2017-06-02,778804.4652037839,679893.7718972806,895674.0467580574
2017-05-30,2017-06-03,989200.5978474814,860894.3616377934,1132100.5257754102
2017-05-30,2017-06-04,1079310.4276154484,941689.2733577029,1245428.4007999995
2017-05-30,2017-06-05,833749.0976710526,724699.5751774512,964311.0245532192
2017-05-30,2017-06-06,773148.785624886,667968.8753824126,886591.7724858433
2017-05-30,2017-06-07,805418.2643060683,698740.1926063399,933038.0115660549
2017-05-30,2017-06-08,706650.4361218134,613624.1878077555,820300.9079322048
2017-05-30,2017-06-09,785228.008762239,683263.7442172555,907638.6278783695
2017-05-30,2017-06-10,997464.9593551754,855865.5858983092,1143376.7776920442
2017-05-30,2017-06-11,1085153.4238380226,929899.9724680466,1253106.7915240054
2017-05-30,2017-06-12,837436.7287935668,725400.294319065,972496.5976054497
2017-05-30,2017-06-13,777060.8928860256,673144.7536693736,901255.4339468664
2017-05-30,2017-06-14,809248.693317354,701004.7218998218,931446.7002277205
2017-05-30,2017-06-15,712291.2969381479,615014.3645371867,827353.4962499533
2017-05-30,2017-06-16,787301.5530898205,676272.0654809322,923644.5796956425
2017-05-30,2017-06-17,998369.1296799282,863588.2550972387,1153367.266126603
2017-05-30,2017-06-18,1089090.2176092623,942259.6203469832,1258407.3944086276
2017-05-30,2017-06-19,841137.3518364688,736211.0270612757,977416.7970781636
2017-05-30,2017-06-20,780100.797663575,682810.6844229229,898929.2826193423
2017-05-30,2017-06-21,812573.3014310325,705087.8676251383,939234.7731292698
2017-05-30,2017-06-22,713098.8932438928,619942.5779910381,830382.2211261203
2017-05-30,2017-06-23,792840.1290135202,676770.3386368856,910387.4415777886
2017-05-30,2017-06-24,1003607.7875928052,873740.5591725768,1152970.9598389457
2017-05-30,2017-06-25,1095282.1888601966,949218.4832487949,1266135.978126395
2017-05-30,2017-06-26,847253.0410512479,730689.318968679,968302.5494664352
2017-05-30,2017-06-27,786770.3871264566,686019.8214448843,911922.2486272817
2017-05-30,2017-06-28,820385.9948573045,711663.0852298724,954097.3205831571
2017-05-30,2017-06-29,721209.562048631,629417.6975638048,827952.7295950734
2017-05-30,2017-06-30,800536.5442699251,690432.2152880649,920787.9941910977
2017-05-30,2017-07-01,1014682.9195701784,872402.238508999,1171902.6119326432
2017-05-30,2017-07-02,1109135.05563382,957533.6090110359,1289800.3992306227
2017-05-30,2017-07-03,860762.1874060472,743091.7988529181,993132.6427459514
2017-05-30,2017-07-04,800377.8388617446,691493.951095555,919573.5349645679
2017-05-31,2017-06-01,748738.4597394756,652418.0107749933,868338.2912860562
2017-05-31,2017-06-02,829394.4551123088,717607.3947553029,948133.732967526
2017-05-31,2017-06-03,1053549.4248175707,911540.0068336051,1212592.5406654777
2017-05-31,2017-06-04,1149664.6459389038,1003346.7596236473,1320743.6247989994
2017-05-31,2017-06-05,888134.5585806702,769652.4165551323,1015878.3969649238
2017-05-31,2017-06-06,823679.6178100959,716698.5245618382,956649.6754644791
2017-05-31,2017-06-07,857181.9690880374,743867.7357593073,988595.3527738148
2017-05-31,2017-06-08,752130.2388784715,647590.3345296815,870420.5186829745
2017-05-31,2017-06-09,835920.7339578049,720536.6233025101,966568.9476075529
2017-05-31,2017-06-10,1061961.9999557696,922983.1632569266,1221792.096463906
2017-05-31,2017-06-11,1155434.8427799908,994097.4411164295,1328851.8768332235
2017-05-31,2017-06-12,891740.4501511103,773525.1506757599,1026032.8248018296
2017-05-31,2017-06-13,827571.3991389762,716086.9628500823,952153.8613056738
2017-05-31,2017-06-14,862484.2818014647,750951.0976755323,997453.733785509
2017-05-31,2017-06-15,759686.6723491981,655807.6118811086,870532.4934733429
2017-05-31,2017-06-16,839287.5616349811,732044.3314340782,968936.517120952
2017-05-31,2017-06-17,1064368.2464247304,921529.7472574402,1217912.5301349673
2017-05-31,2017-06-18,1161259.5712270236,999799.566022357,1334292.0253981373
2017-05-31,2017-06-19,896968.7523121459,771551.6264141245,1031405.5169914466
2017-05-31,2017-06-20,831995.864940392,726162.1159220984,969494.7652767489
2017-05-31,2017-06-21,866723.2900954171,752924.8239811559,1003071.6777522898
2017-05-31,2017-06-22,760695.5735404283,657038.2332388526,873778.2979084937
2017-05-31,2017-06-23,845906.6915992728,732594.5117037649,974482.8738412469
2017-05-31,2017-06-24,1070820.539476168,926429.1425525461,1248957.7516590543
2017-05-31,2017-06-25,1168809.4052734624,1007920.4623158303,1357041.4755981246
2017-05-31,2017-06-26,904240.0117283477,778676.3622904655,1055461.137312489
2017-05-31,2017-06-27,839814.9491623158,733330.1340264607,973854.0348268704
2017-05-31,2017-06-28,877240.8645822936,760681.0702715715,1008931.0797282628
2017-05-31,2017-06-29,771279.8271215397,667365.1273990422,892986.581203146
2017-05-31,2017-06-30,856225.7521689635,736062.9467813206,992393.7278302369
2017-05-31,2017-07-01,1085312.8151464907,934499.9954029104,1248153.326863489
2017-05-31,2017-07-02,1186524.5137719333,1024939.9229253641,1372691.8402583553
2017-05-31,2017-07-03,920963.1891442807,793433.2783988139,1069084.3512646258
2017-05-31,2017-07-04,856481.8149311277,749068.9878844188,989120.7084593902
2017-05-31,2017-07-05,894303.400588143,771183.1574379692,1032499.6517130842
2017-06-01,2017-06-02,780873.0537032242,674786.4379260482,895097.1598234324
2017-06-01,2017-06-03,991835.5191684098,851392.1401811924,1139245.9674342591
2017-06-01,2017-06-04,1082308.51289661,934001.6747745912,1233779.5392073402
2017-06-01,2017-06-05,836218.7850029254,728055.3300584266,973954.6982066247
2017-06-01,2017-06-06,775554.0386584989,669959.5094623204,896134.9391331548
2017-06-01,2017-06-07,807084.3404751325,706932.5035940572,930533.9661892136
2017-06-01,2017-06-08,708400.5296800166,608787.1651509159,814473.2281231192
2017-06-01,2017-06-09,787234.2172036188,677724.3008267126,896892.9516193921
2017-06-01,2017-06-10,999918.6063820003,869945.4088686248,1141314.4117077745
2017-06-01,2017-06-11,1087811.3625136672,943837.0575416695,1248689.5929942336
2017-06-01,2017-06-12,839586.9704507932,733130.5077754684,977368.6332030286
2017-06-01,2017-06-13,779127.0891241138,680800.7104173023,908871.9036641682
2017-06-01,2017-06-14,811924.8646637576,694279.3349232867,939398.8373208178
2017-06-01,2017-06-15,715086.225862884,621288.2047118421,824816.3664627445
2017-06-01,2017-06-16,789757.0774452521,691194.8929940807,913445.2828374136
2017-06-01,2017-06-17,1001333.8194373552,865360.7181487316,1156117.7680848725
2017-06-01,2017-06-18,1092341.7800619737,948345.2530183427,1263418.215700751
2017-06-01,2017-06-19,843769.0222524034,735709.7038014551,967642.2218107616
2017-06-01,2017-06-20,782613.3374984049,673227.9050839156,903514.9977432113
2017-06-01,2017-06-21,815224.7952923714,708472.5900807392,939066.6797765263
2017-06-01,2017-06-22,715464.5408547255,625368.0749495473,834109.026025821
2017-06-01,2017-06-23,795517.3087993803,688523.691261347,922502.8733392217
2017-06-01,2017-06-24,1006865.8385256274,870118.2035646086,1163401.8751600783
2017-06-01,2017-06-25,1098918.2604413966,959610.3337963718,1264213.8135086196
2017-06-01,2017-06-26,850252.8341576377,739343.8540336046,982680.5380482414
2017-06-01,2017-06-27,789686.995497622,675369.6815488805,905796.5723893011
2017-06-01,2017-06-28,824873.8909681364,711795.7146503222,961899.4613554603
2017-06-01,2017-06-29,724890.1829250574,622208.8644383266,844052.2561575074
2017-06-01,2017-06-30,804687.4400246036,693567.9077197372,922535.2059725202
2017-06-01,2017-07-01,1019872.8626411454,876798.0617319724,1178679.7861306523
2017-06-01,2017-07-02,1114952.4843381133,955802.6395446731,1275824.4489832192
2017-06-01,2017-07-03,865529.6861418633,745224.623335945,997734.6462372516
2017-06-01,2017-07-04,804971.3986785382,695567.3477487072,926479.2288972836
2017-06-01,2017-07-05,840538.8084991823,729892.5729006183,969619.7606776652
2017-06-01,2017-07-06,739867.5631497421,642490.0918461134,855961.2264683606
2017-06-02,2017-06-03,1150483.4631801925,1004796.687775924,1326157.9061144954
2017-06-02,2017-06-04,1255799.8631398173,1076016.9027170963,1449654.4831079245
2017-06-02,2017-06-05,970402.1193377547,843162.9510964934,1118541.1673734626
2017-06-02,2017-06-06,900249.2021977407,779066.6340892945,1044501.0205426624
2017-06-02,2017-06-07,937076.7437088238,813818.9536050663,1082990.5170240032
2017-06-02,2017-06-08,822721.912233225,715301.4606063404,943737.7770532038
2017-06-02,2017-06-09,914368.5308187815,795579.9474958847,1051739.8339981623
2017-06-02,2017-06-10,1161647.543189281,1009019.1965013497,1339623.1107780696
2017-06-02,2017-06-11,1263975.4649363344,1092513.2428688486,1436741.041674112
2017-06-02,2017-06-12,975720.9857793665,840124.1557652195,1130934.391908218
2017-06-02,2017-06-13,905717.1754140442,787897.6349564833,1043678.1161294079
2017-06-02,2017-06-14,944043.5853901457,820071.2889637768,1080526.9122360053
2017-06-02,2017-06-15,831220.3925075164,719834.1634891242,954009.5064068049
2017-06-02,2017-06-16,918719.9971829781,795963.7440469878,1057602.0239558953
2017-06-02,2017-06-17,1164955.5586345429,1008155.6444742746,1336646.6076401302
2017-06-02,2017-06-18,1271164.3895540591,1098653.5724492928,1449276.5061499686
2017-06-02,2017-06-19,982059.0338422225,841961.959869003,1129306.6985914581
2017-06-02,2017-06-20,911079.2964389084,789063.1598025287,1061654.813601771
2017-06-02,2017-06-21,949186.5906917669,815467.1495280901,1093867.2659988534
2017-06-02,2017-06-22,833209.8585692227,722485.3073789821,961757.2649887729
2017-06-02,2017-06-23,926646.5502182251,803950.4078943955,1064031.6658400528
2017-06-02,2017-06-24,1172789.0975530655,1013365.0030228132,1351674.0468709012
2017-06-02,2017-06-25,1280306.4054102346,1110841.9254536051,1478926.8387883017
2017-06-02,2017-06-26,990780.8517617299,850695.0818331057,1136476.752253221
2017-06-02,2017-06-27,920413.0123387413,791963.2126548591,1059060.98689802
2017-06-02,2017-06-28,961638.5973112633,827540.3880366528,1110061.979633133
2017-06-02,2017-06-29,845260.094291393,727108.7328289023,966992.4227531266
2017-06-02,2017-06-30,938652.2392728566,809499.469518902,1083766.8262932566
2017-06-02,2017-07-01,1189623.3005125683,1028181.6257092729,1375477.939373501
2017-06-02,2017-07-02,1300851.1564951844,1121399.3108840939,1495753.428521487
2017-06-02,2017-07-03,1010126.2261332854,871052.3270757537,1165289.0248646536
2017-06-02,2017-07-04,939669.9383517533,812790.7524400924,1086628.1787519385
2017-06-02,2017-07-05,981338.9286963542,848831.1601609334,1147786.3905358014
2017-06-02,2017-07-06,864013.9058505407,748901.0072017765,997954.6567882886
2017-06-02,2017-07-07,960121.1615914239,830320.9204677914,1122215.2977756055
2017-06-03,2017-06-04,1184194.4406534375,1030311.7691105589,1362743.152408152
2017-06-03,2017-06-05,915139.9136723855,793970.9040950282,1054176.2229756461
2017-06-03,2017-06-06,848833.3535068871,737862.4875052874,974668.2893232658
2017-06-03,2017-06-07,883367.5305170019,773825.5379512527,1017861.0621329978
2017-06-03,2017-06-08,775437.2771708986,673713.9396135786,897052.9442119029
2017-06-03,2017-06-09,861496.9034679766,751236.8807607131,993920.0136561784
2017-06-03,2017-06-10,1092421.2627840303,943298.5466614662,1268850.9025684139
2017-06-03,2017-06-11,1188478.2384814492,1031558.1475416869,1365083.5681315162
2017-06-03,2017-06-12,917343.579011233,798518.4001970029,1057018.4688373832
2017-06-03,2017-06-13,851237.3393959868,739713.7141317247,984532.9909766956
2017-06-03,2017-06-14,886970.6186465564,769598.777241885,1026435.9658920813
2017-06-03,2017-06-15,780996.6441136653,667290.9608260457,902798.3689443067
2017-06-03,2017-06-16,862650.3367014962,747346.9729410609,991200.876457045
2017-06-03,2017-06-17,1094364.3928031137,949501.3516760617,1260286.6090180762
2017-06-03,2017-06-18,1193697.4737342221,1020789.6985152627,1367168.7795245352
2017-06-03,2017-06-19,922034.8956523797,804070.5578351779,1063761.389066979
2017-06-03,2017-06-20,855106.9372032052,741744.2309793491,984410.9600545038
2017-06-03,2017-06-21,890596.8895709495,770748.2651560111,1026007.9842355271
2017-06-03,2017-06-22,781561.2271899865,674723.3899744841,899291.5534471708
2017-06-03,2017-06-23,868798.4601326179,750601.6324184728,1001218.4931857035
2017-06-03,2017-06-24,1099355.621715271,951163.3272851993,1283190.8504991594
2017-06-03,2017-06-25,1199749.1557209063,1033808.6695946696,1395952.2525766015
2017-06-03,2017-06-26,928254.5984814183,795337.0089862061,1077596.8844322676
2017-06-03,2017-06-27,862059.995530314,746406.6522403894,998979.4370654135
2017-06-03,2017-06-28,900351.1257571739,775836.2425405364,1041669.9658151013
2017-06-03,2017-06-29,791210.7627682507,683899.8692040194,915827.6505456577
2017-06-03,2017-06-30,878414.537748965,760414.06011404,1026448.5991493522
2017-06-03,2017-07-01,1115521.8706196414,974226.6930089736,1295543.0038118865
2017-06-03,2017-07-02,1219487.8579415793,1057216.7900971824,1413876.466166416
2017-06-03,2017-07-03,946712.7284435609,821396.8958306627,1085325.8597271987
2017-06-03,2017-07-04,880465.3617213111,764446.5794788763,1021938.5861104676
2017-06-03,2017-07-05,919331.065324784,798963.2322996588,1071825.678784792
2017-06-03,2017-07-06,809262.9103287861,698503.8199648554,932773.7652855122
2017-06-03,2017-07-07,899126.1114591283,771641.058731356,1035747.6716008106
2017-06-03,2017-07-08,1140221.93053203,987726.8002068702,1309339.7329541345
2017-06-04,2017-06-05,969741.9499028864,848077.5801126745,1133460.0689750537
2017-06-04,2017-06-06,899792.4357380158,783664.0471573417,1037616.7286709798
2017-06-04,2017-06-07,936662.9486234997,812935.89579456,1087099.5439433055
2017-06-04,2017-06-08,822445.224114071,714886.9302679705,952427.4408206067
2017-06-04,2017-06-09,914035.2786164543,785932.6623094381,1048922.1667424582
2017-06-04,2017-06-10,1159347.2810875427,1009211.6176870049,1337806.0833338627
2017-06-04,2017-06-11,1261404.985693083,1102766.579487296,1459104.4160890817
2017-06-04,2017-06-12,973751.4018127553,845691.8642988263,1122716.255757244
2017-06-04,2017-06-13,903872.7088796732,787692.1192947283,1041504.9140619697
2017-06-04,2017-06-14,942017.8257567686,817918.7685795055,1089357.9227559352
2017-06-04,2017-06-15,829360.5271717448,715943.7671745179,956948.2609288464
2017-06-04,2017-06-16,916452.4178242424,790263.0100883957,1055671.7727555472
2017-06-04,2017-06-17,1162730.4149662398,1008417.6863992692,1341702.1007288538
2017-06-04,2017-06-18,1268561.8665109493,1098073.2223726767,1472340.2572458028
2017-06-04,2017-06-19,979971.1021579683,853728.1301487955,1122764.4566572027
2017-06-04,2017-06-20,909039.0693039558,783546.6554976028,1038524.5040523821
2017-06-04,2017-06-21,946889.5476154078,825683.460679896,1085623.158657018
2017-06-04,2017-06-22,831097.5655647573,715708.9570820156,945129.2661806382
2017-06-04,2017-06-23,924109.322036249,801087.672600693,1063549.6684025167
2017-06-04,2017-06-24,1169180.4624919537,1010458.5965924026,1352050.982575807
2017-06-04,2017-06-25,1276244.3039458229,1105632.602871193,1477786.6212625348
2017-06-04,2017-06-26,987640.7010943961,858399.5391276764,1139312.3703025721
2017-06-04,2017-06-27,917478.8619637592,794811.8145267162,1051354.369323634
2017-06-04,2017-06-28,958528.9166235507,828641.8180713416,1105525.1018432814
2017-06-04,2017-06-29,842532.7655843928,731332.9524095049,974336.6288197379
2017-06-04,2017-06-30,935513.222154184,816361.4270886856,1070460.027849165
2017-06-04,2017-07-01,1188152.9152801817,1032732.2133132126,1377434.8947925887
2017-06-04,2017-07-02,1299311.5200244754,1119721.2896796395,1497090.0033000673
2017-06-04,2017-07-03,1009112.7985434221,875151.8435155354,1159323.7919359691
2017-06-04,2017-07-04,938842.136921176,808143.9248999578,1083524.989927956
2017-06-04,2017-07-05,980533.8627842014,853344.8976292688,1144272.8589086968
2017-06-04,2017-07-06,863427.4347276246,751122.8616543432,1005911.4299688115
2017-06-04,2017-07-07,959461.5276218433,834145.4484434326,1108005.4811078964
2017-06-04,2017-07-08,1216707.935727483,1054898.1024935874,1402409.4032007218
2017-06-04,2017-07-09,1331142.4544571708,1146262.6873340346,1533961.1710512538
2017-06-05,2017-06-06,789600.1756291253,679023.4832115143,904078.2043482717
2017-06-05,2017-06-07,822102.6827737984,714768.8955690096,947712.6778176136
2017-06-05,2017-06-08,721966.725451347,627848.3657203494,829113.5939022473
2017-06-05,2017-06-09,802487.6575626184,699107.1907499176,934857.3572297216
2017-06-05,2017-06-10,1017978.720809112,880076.4877026537,1169181.3376777302
2017-06-05,2017-06-11,1107709.071000836,958420.177283582,1280452.100530084
2017-06-05,2017-06-12,856799.8416783647,738595.2923730692,994553.8357455494
2017-06-05,2017-06-13,795397.0984701794,694037.86496303,914611.5476851168
2017-06-05,2017-06-14,829045.5578520146,720866.1321783966,957716.281657748
2017-06-05,2017-06-15,729885.6611151326,625907.2735534991,837990.9401810678
2017-06-05,2017-06-16,806666.8683894773,695232.2273338338,933588.0107249973
2017-06-05,2017-06-17,1023492.8452153909,885864.5354651959,1174959.732336607
2017-06-05,2017-06-18,1116673.9751634127,969872.1185575374,1299433.627022867
2017-06-05,2017-06-19,861725.7285928976,747619.9524704823,996571.1583077175
2017-06-05,2017-06-20,799396.1213370196,696600.6451867089,934842.8453904539
2017-06-05,2017-06-21,832725.5788711719,713278.4169521519,957865.013998665
2017-06-05,2017-06-22,730923.967459981,631363.8783398082,843547.4893924869
2017-06-05,2017-06-23,812755.8552167304,700510.9922170594,936003.2790253959
2017-06-05,2017-06-24,1028347.5186619689,892496.2137464763,1190279.9697749156
2017-06-05,2017-06-25,1122536.9831560461,966936.5675339483,1291616.6161654836
2017-06-05,2017-06-26,868740.4524270506,761606.4771484645,1004211.5044858458
2017-06-05,2017-06-27,807081.3650309863,698739.5883630505,925300.787531497
2017-06-05,2017-06-28,843250.052647307,734143.2152273257,993537.9479721676
2017-06-05,2017-06-29,741258.2745249969,649333.672371353,863770.1067978536
2017-06-05,2017-06-30,823138.6026491453,717309.785979777,959604.136830752
2017-06-05,2017-07-01,1045514.7370879955,909011.654349388,1208389.3892126253
2017-06-05,2017-07-02,1143402.164360354,988941.0307704726,1340168.6029630816
2017-06-05,2017-07-03,885535.8288633453,763719.2317945845,1015158.831359765
2017-06-05,2017-07-04,823966.5697372303,710166.0495758529,945209.7896354165
2017-06-05,2017-07-05,860663.2282995282,748338.2877979439,988349.6949328082
2017-06-05,2017-07-06,757957.3730060058,655900.8458622257,881374.7101524471
2017-06-05,2017-07-07,842370.7701233396,730983.6949193627,982355.0039357932
2017-06-05,2017-07-08,1068355.012221891,924301.8542657945,1244211.6305097698
2017-06-05,2017-07-09,1168938.5872011294,1010413.8935656006,1357981.379167418
2017-06-05,2017-07-10,908019.0452361134,784293.3854614142,1046489.7977375408
2017-06-06,2017-06-07,822878.2445403744,716418.003275936,954599.4604878302
2017-06-06,2017-06-08,722698.0604530437,624472.4522870223,832411.6150361971
2017-06-06,2017-06-09,803330.2553390311,703459.5610387183,928135.5959517969
2017-06-06,2017-06-10,1019071.3609643499,877470.5508873513,1157317.475239102
2017-06-06,2017-06-11,1108880.9819152628,958914.3767527152,1277902.2929203277
2017-06-06,2017-06-12,857690.9947085996,739815.5344703875,993834.0481172467
2017-06-06,2017-06-13,796575.3594670672,687984.9705898907,922666.1822232195
2017-06-06,2017-06-14,830270.2995760496,727172.8408456257,960908.2000675561
2017-06-06,2017-06-15,731142.6669837469,629489.5289030157,844467.0714170825
2017-06-06,2017-06-16,807870.5432138344,697439.9829131593,932765.0343773874
2017-06-06,2017-06-17,1024997.0487634083,891351.2448139441,1183842.922103573
2017-06-06,2017-06-18,1118391.443847442,962121.6970891351,1285780.078282497
2017-06-06,2017-06-19,863043.9312445978,748456.097325881,990189.8065560868
2017-06-06,2017-06-20,800407.6503721668,698647.356171403,930915.5568471684
2017-06-06,2017-06-21,833765.310062498,723468.3674730356,976208.79417505
2017-06-06,2017-06-22,731889.4238643135,640682.4251892584,831399.6797696322
2017-06-06,2017-06-23,813863.7498438112,705808.7789520599,939505.8411345779
2017-06-06,2017-06-24,1029639.3352143682,888348.4875941422,1186443.9447242464
2017-06-06,2017-06-25,1124036.5913040363,972815.2672782276,1296102.153387679
2017-06-06,2017-06-26,869963.2125645342,760108.059283259,1000131.2484737011
2017-06-06,2017-06-27,808242.0097651444,705177.6324673765,940885.1790826533
2017-06-06,2017-06-28,844507.944116796,736519.5592850858,972461.0937872886
2017-06-06,2017-06-29,742432.9681293325,647738.592726086,856861.186486602
2017-06-06,2017-06-30,824422.2118844443,717807.2159555267,964391.819546628
2017-06-06,2017-07-01,1047118.3916959383,910268.7314760564,1213724.0297990467
2017-06-06,2017-07-02,1145268.3182637172,991897.8934459297,1340423.2164971402
2017-06-06,2017-07-03,887028.9307038512,766059.1693992653,1024800.8836526483
2017-06-06,2017-07-04,824817.2612031805,717194.4435346359,957474.4902811116
2017-06-06,2017-07-05,861555.874278682,751911.6173022675,999132.1791196727
2017-06-06,2017-07-06,758824.948948166,654387.9182709595,876363.8465534456
2017-06-06,2017-07-07,843303.1901986052,731409.7582963005,990035.2877945987
2017-06-06,2017-07-08,1069429.9103311866,928879.1836531839,1243887.2055646856
2017-06-06,2017-07-09,1170217.252426978,1006880.7790193338,1355354.1051752798
2017-06-06,2017-07-10,909126.90158198,779416.0286160089,1050388.2564785827
2017-06-06,2017-07-11,845630.9580837144,733660.5081045242,973342.3872963226
2017-06-07,2017-06-08,735323.916517298,629257.8635633779,846196.348684199
2017-06-07,2017-06-09,817331.2096945279,708791.3831173474,954053.2758647754
2017-06-07,2017-06-10,1036794.6290136379,900524.0085735803,1196448.8202422636
2017-06-07,2017-06-11,1128205.8810348324,978674.3467876152,1301175.2698886031
2017-06-07,2017-06-12,872691.8838552197,756761.2048098467,1002810.6056621866
2017-06-07,2017-06-13,810500.1377571354,706349.8283551707,937457.9988110993
2017-06-07,2017-06-14,844655.4707853948,744326.2995146682,968480.2891207351
2017-06-07,2017-06-15,743727.0602061138,639917.725554931,863446.0559372602
2017-06-07,2017-06-16,821879.4989654107,709210.9289156048,952508.4574083865
2017-06-07,2017-06-17,1042782.3079779515,908610.5179947658,1198468.535312541
2017-06-07,2017-06-18,1137724.6165789824,989937.9471210163,1320391.373986594
2017-06-07,2017-06-19,878008.8817935302,756731.499770955,1011011.6648649885
2017-06-07,2017-06-20,814300.0882318009,705712.0574075282,947199.0607045033
2017-06-07,2017-06-21,848326.3694984147,734362.9266103565,981428.9070263748
2017-06-07,2017-06-22,744665.7298323441,646596.6957634914,856273.1059171977
2017-06-07,2017-06-23,828025.7768984851,718803.1717010126,949707.4740690959
2017-06-07,2017-06-24,1047683.4470519015,914646.9842251734,1210382.7724924013
2017-06-07,2017-06-25,1143677.2632282246,987642.0207198343,1312742.6833718522
2017-06-07,2017-06-26,885164.9280361392,760516.2910657283,1036335.7363074927
2017-06-07,2017-06-27,822369.0457143262,716699.2730539661,943993.6599169084
2017-06-07,2017-06-28,859239.491123834,741777.4349819861,983186.5236205334
2017-06-07,2017-06-29,755382.4068702011,653306.6257110165,869776.0819994275
2017-06-07,2017-06-30,838843.3543743303,730255.0379099674,965507.5851395184
2017-06-07,2017-07-01,1065492.7589376145,914504.6776235694,1223620.3105135746
2017-06-07,2017-07-02,1165307.217586582,1005352.0942149049,1343767.0159971432
2017-06-07,2017-07-03,902584.4099123966,776316.5919597136,1033947.4119367375
2017-06-07,2017-07-04,839311.1814161047,724191.0605631254,973948.3433658972
2017-06-07,2017-07-05,876924.8903567861,754438.0572021453,1017014.8991577359
2017-06-07,2017-07-06,772349.8379726779,662298.8508871694,890703.1627081052
2017-06-07,2017-07-07,858386.8735600138,740091.1786192136,993644.7870414765
2017-06-07,2017-07-08,1088702.205870781,943173.2243641173,1257346.7075197631
2017-06-07,2017-07-09,1191245.5928179054,1024851.6482014733,1380617.9638328461
2017-06-07,2017-07-10,925406.6069765504,803275.0530969268,1080000.0190184156
2017-06-07,2017-07-11,860779.9632460086,750330.4902193233,999935.3205460531
2017-06-07,2017-07-12,898364.510009135,775965.3063210709,1042803.5733307501
2017-06-08,2017-06-09,747172.0494393704,647721.202760019,868697.4597589639
2017-06-08,2017-06-10,947755.1841105631,827537.7351986652,1089915.2172413515
2017-06-08,2017-06-11,1031299.8425104849,881711.6413934961,1181607.9344963334
2017-06-08,2017-06-12,797716.3774615928,688658.0513052733,929130.6233173942
2017-06-08,2017-06-13,740842.5933789297,638721.2560548097,853114.3354664309
2017-06-08,2017-06-14,772045.7475770549,666912.6656785349,886942.6475821725
2017-06-08,2017-06-15,680318.3094045862,594051.5192265968,785449.669338738
2017-06-08,2017-06-16,751841.3922196921,651075.9762577038,873261.4000305416
2017-06-08,2017-06-17,953896.7805735265,824114.8800550697,1092207.952291984
2017-06-08,2017-06-18,1040721.5528064803,905978.1021344475,1208386.0176122077
2017-06-08,2017-06-19,803138.5783873716,693542.3908856943,916609.1329434378
2017-06-08,2017-06-20,744846.8037814535,640360.2134200198,856116.3846981584
2017-06-08,2017-06-21,775961.5566589817,673044.2486536126,891478.0559725553
2017-06-08,2017-06-22,680782.6589891774,587927.3729879608,795744.0911332135
2017-06-08,2017-06-23,756972.3196784212,651799.8453210201,867493.0419563849
2017-06-08,2017-06-24,957779.1674806819,838572.9546369361,1107040.2336077653
2017-06-08,2017-06-25,1045516.4140031367,903752.4516071348,1206946.0275420437
2017-06-08,2017-06-26,809177.631845131,703396.8116120758,940225.240798946
2017-06-08,2017-06-27,751755.6312055865,657472.0514272031,870415.5827484565
2017-06-08,2017-06-28,785442.3365607581,677843.5410536455,907121.7950398128
2017-06-08,2017-06-29,690491.7553932106,599644.6996520091,798953.7669221803
2017-06-08,2017-06-30,766774.6781935432,658267.3369190586,890106.4205491629
2017-06-08,2017-07-01,973932.3295538473,838769.7386248235,1114599.8093908785
2017-06-08,2017-07-02,1065143.0797224576,923158.9760847335,1223854.7503292453
2017-06-08,2017-07-03,824987.6126614558,715224.8951467167,962418.2146271897
2017-06-08,2017-07-04,767135.0798343972,664168.257244342,875910.5031692381
2017-06-08,2017-07-05,801497.7881323326,689074.9957210232,932668.4135520887
2017-06-08,2017-07-06,704964.7766471484,607194.7570288079,816614.6623699347
2017-06-08,2017-07-07,783482.6340880537,671531.6020830704,905941.7385196332
2017-06-08,2017-07-08,993687.8012164433,850070.284873406,1157068.8180314838
2017-06-08,2017-07-09,1087248.3350780853,936126.2437338061,1260392.030038763
2017-06-08,2017-07-10,844582.7147747996,724409.2327905304,981402.2077985918
2017-06-08,2017-07-11,785574.4532188919,681806.1441986824,917078.3283531605
2017-06-08,2017-07-12,819857.0774664835,714355.1954607423,949623.4906960109
2017-06-08,2017-07-13,721056.0847756634,620698.0540045976,830921.2172665172
2017-06-09,2017-06-10,1107754.9184132584,950438.2938046494,1264275.371167791
2017-06-09,2017-06-11,1205552.8304864184,1038097.468492326,1389713.882435106
2017-06-09,2017-06-12,932716.8015004811,814834.2390411671,1083465.7651288244
2017-06-09,2017-06-13,866291.2463606327,754065.1380345369,999739.6499478001
2017-06-09,2017-06-14,902832.232861792,774811.9442098831,1036357.2843826268
2017-06-09,2017-06-15,795986.5044851466,690464.5719739571,931795.9954677658
2017-06-09,2017-06-16,878543.5797383982,760400.3327191735,1009789.0576873276
2017-06-09,2017-06-17,1114787.534797542,969634.6101312139,1280441.1164427921
2017-06-09,2017-06-18,1216314.3267628914,1064383.8370737038,1415031.9951714084
2017-06-09,2017-06-19,938937.1084551855,814533.1850757332,1093012.7559311728
2017-06-09,2017-06-20,870976.745258482,754944.5316476614,993851.9256729393
2017-06-09,2017-06-21,907520.0217617671,782298.7170081977,1048913.2044876232
2017-06-09,2017-06-22,796351.6737032919,690328.5387890559,918842.2296699845
2017-06-09,2017-06-23,886088.6773847477,777760.6734227447,1031375.3500853813
2017-06-09,2017-06-24,1121559.2917094133,971013.3459874014,1297754.6017685942
2017-06-09,2017-06-25,1224402.871627516,1071537.9660449473,1406244.3373510777
2017-06-09,2017-06-26,947807.2474818488,819530.1172018738,1102125.3290865028
2017-06-09,2017-06-27,880699.6157406538,761513.8374053722,1009422.8187272279
2017-06-09,2017-06-28,920225.3920215444,798717.8157492381,1059577.7105658306
2017-06-09,2017-06-29,809074.8175767747,701281.3690986771,942938.4495024636
2017-06-09,2017-06-30,898675.3930687978,776864.1929639624,1043526.0842273929
2017-06-09,2017-07-01,1141683.7304146797,987351.3264778429,1323470.2024216473
2017-06-09,2017-07-02,1248624.6441928563,1090588.5515098872,1453831.5118193978
2017-06-09,2017-07-03,967274.8150955485,839710.0298328428,1128301.3863583067
2017-06-09,2017-07-04,899575.5574897024,781025.5697716528,1047310.328076858
2017-06-09,2017-07-05,939949.2329220135,817118.500868957,1093647.3460924602
2017-06-09,2017-07-06,826815.9460292937,713963.7053158861,955419.1906910024
2017-06-09,2017-07-07,920469.1619188262,797368.7673829922,1071214.5264201758
2017-06-09,2017-07-08,1167720.4311560837,1006234.9590852144,1350508.2985550778
2017-06-09,2017-07-09,1277600.2492704578,1100394.2700525448,1467248.415498678
2017-06-09,2017-07-10,992398.4386332526,852245.6830931647,1150970.9330702783
2017-06-09,2017-07-11,923107.6539792172,784607.191825583,1054083.6595724863
2017-06-09,2017-07-12,963435.7315294616,841418.3972419782,1116977.1775269585
2017-06-09,2017-07-13,847305.5755339167,737577.8156544716,981426.5524841651
2017-06-09,2017-07-14,939983.0587840541,815957.1923276138,1093714.1136841099
2017-06-10,2017-06-11,1142080.507323728,994398.3945179171,1315054.5909523305
2017-06-10,2017-06-12,883471.3875834582,777170.8963452342,1023791.325449062
2017-06-10,2017-06-13,820604.4079894865,707115.0746859853,948109.6612809156
2017-06-10,2017-06-14,855236.7395248731,734503.3798955713,974946.0349220714
2017-06-10,2017-06-15,753914.0731236796,655569.1239550752,863524.1410711934
2017-06-10,2017-06-16,832196.2548379687,717155.9032991006,959772.8944497816
2017-06-10,2017-06-17,1054692.7580051916,908178.0115906008,1217468.1364393472
2017-06-10,2017-06-18,1150824.2382788092,994050.4251548302,1315110.210579692
2017-06-10,2017-06-19,888305.2379120378,764275.8964201099,1031774.0868224625
2017-06-10,2017-06-20,824075.1643050213,712743.1961037787,948369.7754418075
2017-06-10,2017-06-21,858685.068622197,750269.6014948832,991500.4989757534
2017-06-10,2017-06-22,753502.9993909621,654821.1627433457,869519.122404653
2017-06-10,2017-06-23,838568.6202537186,722494.5495243308,965906.0320605682
2017-06-10,2017-06-24,1062130.3010999844,918973.5926190681,1223560.2182629195
2017-06-10,2017-06-25,1159627.6262114034,1012014.8428571706,1325586.7212906682
2017-06-10,2017-06-26,897712.3774993117,780978.3219441253,1035429.7639507286
2017-06-10,2017-06-27,834261.3071619202,727593.2594473147,965508.3072428529
2017-06-10,2017-06-28,871816.7986938604,749854.8012910552,1003832.0543726571
2017-06-10,2017-06-29,766545.3905194257,662408.3096700739,892479.967165855
2017-06-10,2017-06-30,851430.3533434839,735413.4303821509,983640.7949666266
2017-06-10,2017-07-01,1081684.1844471234,937316.7574405418,1254613.9788585382
2017-06-10,2017-07-02,1183093.523145373,1018896.8937833124,1369233.8927548102
2017-06-10,2017-07-03,916486.4223931052,795235.459232508,1060339.7332572867
2017-06-10,2017-07-04,852391.0108205789,733763.2154850225,991845.9985353375
2017-06-10,2017-07-05,890656.3564227045,775011.5800575503,1023511.6484137797
2017-06-10,2017-07-06,783419.4810737498,680573.8146533122,893709.4875763273
2017-06-10,2017-07-07,872167.4423624851,744687.1755211881,1001271.1529370536
2017-06-10,2017-07-08,1108438.6319905252,965705.9959563484,1283987.1014885614
2017-06-10,2017-07-09,1212769.0096454327,1053900.2784326577,1405545.512440713
2017-06-10,2017-07-10,942107.2010071987,815957.0777614816,1089649.5496680348
2017-06-10,2017-07-11,876366.5097121084,760871.8758846105,1012824.7812635334
2017-06-10,2017-07-12,914611.1255149076,791837.7781255565,1052813.8067329326
2017-06-10,2017-07-13,789356.9614679206,679999.6658888913,914075.229328201
2017-06-10,2017-07-14,859281.5235599508,742021.6513517099,992692.935262334
2017-06-10,2017-07-15,1066873.102513697,925380.374102938,1237939.973350005
2017-06-11,2017-06-12,951219.2531420072,828663.7647169764,1104227.2066760377
2017-06-11,2017-06-13,883607.681666022,769621.1949727949,1016066.3642761766
2017-06-11,2017-06-14,921002.0570985172,801949.25220047,1064469.3564649816
2017-06-11,2017-06-15,812173.9555848863,705653.6318309519,932982.6984131173
2017-06-11,2017-06-16,896363.9996279138,772337.6649276487,1040100.6137408504
2017-06-11,2017-06-17,1136047.7595481123,981861.5519714487,1315574.936087766
2017-06-11,2017-06-18,1239643.3119281707,1071571.0416135786,1429424.6165237478
2017-06-11,2017-06-19,957075.6419222242,829369.4752260165,1106580.662412512
2017-06-11,2017-06-20,887966.0917748058,772888.8458097709,1020269.9639026332
2017-06-11,2017-06-21,925374.9002892517,800697.9662931613,1059098.0744001297
2017-06-11,2017-06-22,812128.541419173,712149.6954274826,936517.7067760363
2017-06-11,2017-06-23,903819.6566303632,775366.103216141,1044232.5484333553
2017-06-11,2017-06-24,1144868.496296494,996084.8191209676,1324558.679960958
2017-06-11,2017-06-25,1250224.8511404225,1076177.6873659012,1440491.140119783
2017-06-11,2017-06-26,968013.7709391013,841386.5755323662,1108173.8123324136
2017-06-11,2017-06-27,899667.5211765628,779410.7460214731,1036222.8381277426
2017-06-11,2017-06-28,940244.3625101423,812580.6556109936,1067925.0725020915
2017-06-11,2017-06-29,826797.2471468134,716485.6734420081,955501.5906832261
2017-06-11,2017-06-30,918415.0462001972,787249.5057725538,1060897.0611273665
2017-06-11,2017-07-01,1166830.1755909158,1004485.5107630623,1343533.6087886386
2017-06-11,2017-07-02,1276389.8210394725,1117249.2577822679,1466409.4181753478
2017-06-11,2017-07-03,988934.9978253723,853111.9075747898,1142519.4329981466
2017-06-11,2017-07-04,919850.2121576807,799446.4269818265,1052553.559390975
2017-06-11,2017-07-05,961240.0820769443,817242.1381584373,1113497.9893564344
2017-06-11,2017-07-06,845597.2159121981,732649.6259098724,974207.2604443824
2017-06-11,2017-07-07,941414.7504474017,819274.4185819327,1086108.9957418109
2017-06-11,2017-07-08,1196485.4321643282,1027666.2713533514,1369812.414576176
2017-06-11,2017-07-09,1309474.5526737643,1145986.486969017,1509934.393665353
2017-06-11,2017-07-10,1017339.8533842881,871916.3883865935,1164116.0648668897
2017-06-11,2017-07-11,946403.0493606164,817892.001771729,1105401.7160365346
2017-06-11,2017-07-12,987792.4913603105,853760.7738301585,1140434.2166214827
2017-06-11,2017-07-13,852554.1162257277,738927.5460882251,982312.3760741263
2017-06-11,2017-07-14,928095.4394588192,796583.9065877354,1072840.398339575
2017-06-11,2017-07-15,1152348.5961369812,986196.1700248317,1327347.2690999235
2017-06-11,2017-07-16,1293041.9545857874,1119211.4608167382,1499289.4475566167
2017-06-12,2017-06-13,756647.5710870845,651811.4462515702,869662.2479570854
2017-06-12,2017-06-14,788652.5270437499,686919.214118556,904643.9967410149
2017-06-12,2017-06-15,695095.2591465125,601145.9303988382,798780.1022384265
2017-06-12,2017-06-16,767502.9067869246,659655.4298415296,899430.9000632765
2017-06-12,2017-06-17,972753.2267600487,850106.374141724,1126321.339270554
2017-06-12,2017-06-18,1061476.7362311988,919412.3999767156,1220472.2435951317
2017-06-12,2017-06-19,821207.0170514305,708902.3262462867,945570.8777624654
2017-06-12,2017-06-20,761917.6567419533,666694.5410615904,886556.6045842771
2017-06-12,2017-06-21,794049.967359671,690847.8704626957,912546.0694983852
2017-06-12,2017-06-22,696877.1570433484,606285.4366880492,801313.4755217938
2017-06-12,2017-06-23,775648.8996047754,671759.6819632123,908950.6006584597
2017-06-12,2017-06-24,982544.3043424673,847388.9836197561,1144484.5850864702
2017-06-12,2017-06-25,1073032.1917074372,929266.1350921567,1235826.8315233446
2017-06-12,2017-06-26,829778.5754091669,718456.5592252192,955959.0068906529
2017-06-12,2017-06-27,771236.0173724781,676166.5440331252,887891.3603157972
2017-06-12,2017-06-28,806097.1554301206,701819.7287773745,924777.1922202185
2017-06-12,2017-06-29,708855.5545607955,614716.8501463989,821657.7040339782
2017-06-12,2017-06-30,787442.5829569075,681378.9146562171,906035.6444154198
2017-06-12,2017-07-01,1000479.2264019167,869981.1427917562,1154806.014098184
2017-06-12,2017-07-02,1094473.4673846704,946233.5183435114,1251234.624225811
2017-06-12,2017-07-03,847954.7824473251,740362.5267322437,975306.3991619631
2017-06-12,2017-07-04,788726.3078833822,681563.2393053336,904828.8849480975
2017-06-12,2017-07-05,824238.0558588008,715669.3530645065,942951.08344338
2017-06-12,2017-07-06,725054.4167208452,632594.0633306566,832453.4058991469
2017-06-12,2017-07-07,807235.9788442403,703901.7489627212,931502.0601744121
2017-06-12,2017-07-08,1025944.2057285237,888222.1704012664,1176750.2585194227
2017-06-12,2017-07-09,1122833.0264311833,964269.1708685524,1292313.1475648775
2017-06-12,2017-07-10,869492.8161447606,744234.4327968766,1002384.7364637329
2017-06-12,2017-07-11,808846.8342320774,696526.4874414165,938806.6815475762
2017-06-12,2017-07-12,844203.5652356187,732243.7017733764,972162.0224241215
2017-06-12,2017-07-13,728542.4661116177,633385.5813330034,847852.3932316859
2017-06-12,2017-07-14,793012.8039013253,696934.0602279087,920039.5884481238
2017-06-12,2017-07-15,984486.9581980675,853541.1539072834,1139596.2335231232
2017-06-12,2017-07-16,1104778.0515789322,957864.6968897807,1278286.939201133
2017-06-12,2017-07-17,879727.3340053359,763765.4091270494,1015201.299485104
2017-06-13,2017-06-14,803313.5411554651,695309.0812744895,929476.86150744
2017-06-13,2017-06-15,708072.9411739295,613224.3700933311,813826.7890258938
2017-06-13,2017-06-16,781738.8713808911,678257.9786772835,905909.7709884213
2017-06-13,2017-06-17,990700.8648223727,851619.581747134,1132054.8312485202
2017-06-13,2017-06-18,1080984.0812569594,928010.8240145531,1246408.5623228594
2017-06-13,2017-06-19,836469.9551415828,714707.7987419163,959601.8457788918
2017-06-13,2017-06-20,776105.7568123587,676480.6263177167,894106.713375577
2017-06-13,2017-06-21,808867.8962212038,700118.2785976251,941237.8614489943
2017-06-13,2017-06-22,709927.5545751364,616751.4565460845,821117.5162451258
2017-06-13,2017-06-23,790055.6555365425,689494.4141022114,915860.5451611584
2017-06-13,2017-06-24,1000913.2169976543,870722.022893403,1152814.5743755172
2017-06-13,2017-06-25,1093070.979141565,950303.0068311668,1260618.519385429
2017-06-13,2017-06-26,845418.0587814867,737222.8647569967,971001.8625510479
2017-06-13,2017-06-27,785789.4010882934,684189.614075235,900562.7360502337
2017-06-13,2017-06-28,821279.0618738793,714592.3606397369,951844.8916340712
2017-06-13,2017-06-29,722236.0630068452,627496.7085428259,834295.4402313053
2017-06-13,2017-06-30,802357.2678859329,696973.2087116529,927700.3845654979
2017-06-13,2017-07-01,1019465.0596611375,876390.7510245405,1169293.7661865654
2017-06-13,2017-07-02,1115204.099402601,963512.7696442829,1284422.082359726
2017-06-13,2017-07-03,864128.6957122706,750587.5798309522,998590.2058071243
2017-06-13,2017-07-04,803807.2112918536,694460.1182863122,928970.9120679171
2017-06-13,2017-07-05,840022.5086524816,723749.2933907938,970811.911326903
2017-06-13,2017-07-06,738984.5528402212,640292.3763917409,856053.306809445
2017-06-13,2017-07-07,822706.0161510211,706949.826714552,936501.4266428313
2017-06-13,2017-07-08,1045625.249954831,904313.795550909,1207117.113910071
2017-06-13,2017-07-09,1144278.6084721175,989111.062881639,1321864.4681349946
2017-06-13,2017-07-10,886201.3139757991,760362.8733321942,1034591.3471774018
2017-06-13,2017-07-11,824360.779665053,714194.5501588826,941709.224116405
2017-06-13,2017-07-12,860399.396496279,741333.0769174981,994571.9144709498
2017-06-13,2017-07-13,742447.9171703511,638182.4968126368,860967.2250748543
2017-06-13,2017-07-14,808125.0694953261,697980.6086802025,931659.878894151
2017-06-13,2017-07-15,1003309.3654941845,869329.8056518964,1161616.8770299808
2017-06-13,2017-07-16,1125860.160441821,987965.9392997487,1304442.7683769031
2017-06-13,2017-07-17,896482.2113801704,777491.8127658622,1039861.5901032605
2017-06-13,2017-07-18,830427.204977212,718101.7067623121,953678.1616914917
2017-06-14,2017-06-15,724241.9124916142,628920.1915709582,840869.0583085212
2017-06-14,2017-06-16,799903.4816650914,688437.4113651649,914649.8138853812
2017-06-14,2017-06-17,1013705.8796550307,883692.9384707967,1171207.8197999166
2017-06-14,2017-06-18,1106044.7999926624,970675.6499348389,1272345.3149715983
2017-06-14,2017-06-19,856095.9871252613,740631.0896522142,976784.0982309394
2017-06-14,2017-06-20,794396.0864553786,688168.2080253346,920859.4381630875
2017-06-14,2017-06-21,827851.5075272293,719454.5552897061,953464.724767202
2017-06-14,2017-06-22,726700.02641414,632289.6225298045,833302.1022464664
2017-06-14,2017-06-23,808630.9791595495,699689.9800276447,938144.4428222484
2017-06-14,2017-06-24,1024694.5415984098,881391.1143906827,1180578.123807363
2017-06-14,2017-06-25,1119080.3582231142,970226.0796856363,1293671.2569747868
2017-06-14,2017-06-26,865731.167089358,753356.3007550659,1006669.63712654
2017-06-14,2017-06-27,804757.0123750267,694058.7177845319,923104.1192750245
2017-06-14,2017-06-28,841236.0995748417,729687.3266095943,979566.997053351
2017-06-14,2017-06-29,739893.335709091,640453.3997241082,853816.2185726368
2017-06-14,2017-06-30,822082.0179160009,707533.829868725,942197.5531697341
2017-06-14,2017-07-01,1044707.3059319704,901454.0465655271,1207293.679467226
2017-06-14,2017-07-02,1142853.9496470643,994013.6019931327,1322465.999736343
2017-06-14,2017-07-03,885723.9879324979,767641.0336324079,1016033.6305278
2017-06-14,2017-07-04,824010.655852314,701404.4853396219,944415.0601818536
2017-06-14,2017-07-05,861246.7853091261,734345.2362495754,1006501.9834197101
2017-06-14,2017-07-06,757782.3750467438,656906.4831277464,874731.7773169357
2017-06-14,2017-07-07,843645.3417987709,730098.8053793388,974333.3808189328
2017-06-14,2017-07-08,1072398.7093578011,924139.2275898826,1233441.1519970356
2017-06-14,2017-07-09,1173547.0893553244,1020270.8718347453,1352469.5273649269
2017-06-14,2017-07-10,909017.138481072,790632.0191245364,1064985.615407411
2017-06-14,2017-07-11,845620.3043937052,733058.1825447188,978837.5782624182
2017-06-14,2017-07-12,882898.6221982844,763009.0812338347,1011585.6478713052
2017-06-14,2017-07-13,761817.6425836203,656022.49465535,875877.8248883305
2017-06-14,2017-07-14,829183.3415014806,716050.3343502609,958022.6482321073
2017-06-14,2017-07-15,1029586.5855681393,890513.5859518963,1193010.9623080639
2017-06-14,2017-07-16,1155407.928907664,1001216.5258997892,1338473.5106551377
2017-06-14,2017-07-17,920040.932620453,793369.4098229891,1061909.8540502
2017-06-14,2017-07-18,852245.3973723586,742367.9124080662,974451.1179332355
2017-06-14,2017-07-19,885403.2633960665,767949.4338350884,1013202.8818174335
2017-06-15,2017-06-16,757370.4633735942,657394.1582066824,867663.3230101502
2017-06-15,2017-06-17,959971.6463654032,830264.5585592507,1106420.714964875
2017-06-15,2017-06-18,1047576.8039849859,910392.2668217036,1215055.9975355533
2017-06-15,2017-06-19,810653.1458804803,706516.6560624763,931131.4485583461
2017-06-15,2017-06-20,752244.3806816419,650221.8407899076,872126.1454576148
2017-06-15,2017-06-21,783896.3753677582,684207.8590105276,905356.2743981294
2017-06-15,2017-06-22,688290.6378571284,598221.0520319974,793142.3847065181
2017-06-15,2017-06-23,765999.018344938,665806.8513106721,883698.9881521607
2017-06-15,2017-06-24,970574.7304097121,836930.0857320802,1120031.5434575367
2017-06-15,2017-06-25,1060124.7229162024,915686.4623110883,1221304.0666761699
2017-06-15,2017-06-26,820061.3924123164,709700.9157334935,942791.1989059747
2017-06-15,2017-06-27,762362.4902869074,659334.3173038291,882806.0372405936
2017-06-15,2017-06-28,797005.4614756034,688778.5642499443,910703.868090277
2017-06-15,2017-06-29,701083.4594490639,612411.0001110494,816504.5959199856
2017-06-15,2017-06-30,778824.9671519352,677980.743807864,898817.1018695137
2017-06-15,2017-07-01,989755.5934365216,863745.2152672015,1156379.5496967149
2017-06-15,2017-07-02,1082894.0158203016,933451.920217843,1239969.443980899
2017-06-15,2017-07-03,839210.8487546841,732149.9279894433,972603.4386202466
2017-06-15,2017-07-04,780740.2583341389,680162.4600532198,901918.9461445359
2017-06-15,2017-07-05,815980.4447394869,706344.4422587409,938451.6627634822
2017-06-15,2017-07-06,718032.2851525623,623868.0688975545,828105.6911336654
2017-06-15,2017-07-07,799336.2947453778,696214.4229286766,920282.1551728735
2017-06-15,2017-07-08,1016056.16596008,886908.7351095036,1169661.3973250894
2017-06-15,2017-07-09,1112055.0922204053,964929.5774683271,1290174.914867434
2017-06-15,2017-07-10,861305.0866718802,742756.2776925293,997399.3330295222
2017-06-15,2017-07-11,801279.8532720255,690514.9614299805,919876.9097939758
2017-06-15,2017-07-12,836564.0941741859,722990.9600136556,962602.4424285984
2017-06-15,2017-07-13,721865.5013577326,627899.2362190017,835957.057973562
2017-06-15,2017-07-14,785512.2419097136,682078.8655046423,910233.9560689254
2017-06-15,2017-07-15,975148.5737339243,847269.3295863767,1133938.7092126098
2017-06-15,2017-07-16,1094501.9460440779,945553.1516679683,1267475.1968585914
2017-06-15,2017-07-17,871743.0146731312,746897.682514432,1000489.9050392339
2017-06-15,2017-07-18,807550.6388823325,697142.2463160552,921074.2608230605
2017-06-15,2017-07-19,838906.1362328328,725203.2276211515,965733.7434545083
2017-06-15,2017-07-20,734179.2770845849,631647.0581747169,846772.9012422106
2017-06-16,2017-06-17,1123300.132794921,971428.0990620871,1288906.7753274434
2017-06-16,2017-06-18,1225670.2737300324,1070087.3430136936,1421021.7901784529
2017-06-16,2017-06-19,948542.2248370546,816007.4943504917,1097007.7077492601
2017-06-16,2017-06-20,880292.5165985555,766010.4063668252,1010462.5772159596
2017-06-16,2017-06-21,917427.5133402331,797796.0595815717,1057725.5283387161
2017-06-16,2017-06-22,805603.8434934395,693828.9102916209,930160.8382926345
2017-06-16,2017-06-23,895448.9433761867,786439.0536645515,1040692.1263307207
2017-06-16,2017-06-24,1134771.0127640904,984700.4124797963,1310824.1105252665
2017-06-16,2017-06-25,1239451.8945175044,1066032.2226951667,1442770.8828941688
2017-06-16,2017-06-26,958879.7758556628,833617.3522365845,1104306.3398118857
2017-06-16,2017-06-27,891559.341699829,779166.8746946552,1030823.2957480748
2017-06-16,2017-06-28,932180.9147087855,808220.3409449187,1074719.1911832448
2017-06-16,2017-06-29,820090.49307228,713743.5119841322,942083.1973893199
2017-06-16,2017-06-30,911809.1774541758,789037.8536034863,1042553.7425339499
2017-06-16,2017-07-01,1158916.6492531404,1014040.7558674236,1348662.9670016097
2017-06-16,2017-07-02,1267977.115378066,1095361.477693645,1451345.664340184
2017-06-16,2017-07-03,982742.9455117121,850588.8803221285,1134516.3887670098
2017-06-16,2017-07-04,914441.1234974591,791603.0701719164,1050779.6307552329
2017-06-16,2017-07-05,955866.3807371708,828385.847717388,1095452.4736440554
2017-06-16,2017-07-06,841228.9063977622,733714.3202856597,961272.1536545642
2017-06-16,2017-07-07,936578.2923709451,820225.8982006717,1082006.8833700672
2017-06-16,2017-07-08,1190629.4763330643,1040002.5107482738,1391595.314149603
2017-06-16,2017-07-09,1303045.8098338244,1126992.929547389,1510505.3817973733
2017-06-16,2017-07-10,1009281.7888210604,881102.7889713786,1160901.4908760167
2017-06-16,2017-07-11,939032.2352087855,809096.5571223863,1092196.2847331834
2017-06-16,2017-07-12,980463.7170741447,840380.3798761305,1131149.952064765
2017-06-16,2017-07-13,845955.3754612249,739569.3130001177,965432.7279944821
2017-06-16,2017-07-14,922135.5649215054,802405.3904883835,1065515.8131579573
2017-06-16,2017-07-15,1144750.8739561813,990086.8204647076,1324061.775338177
2017-06-16,2017-07-16,1284906.1510307249,1103446.7663697498,1489084.009758875
2017-06-16,2017-07-17,1023424.9625526998,884434.7934440556,1193090.2251231184
2017-06-16,2017-07-18,948099.0113167828,814012.4268135355,1093101.5585772027
2017-06-16,2017-07-19,984956.0841456119,855414.6976606229,1151510.2264296014
2017-06-16,2017-07-20,861964.2085791397,740596.3150746576,1012838.5254276348
2017-06-16,2017-07-21,950886.5491183723,821454.8437360242,1105325.5775773546
2017-06-17,2017-06-18,1214702.180006554,1058772.658488935,1412249.6187415814
2017-06-17,2017-06-19,939949.6989055017,824949.06834799,1079068.6636683333
2017-06-17,2017-06-20,872384.6921010539,750981.4511350406,999802.60773383
2017-06-17,2017-06-21,909205.1869097791,787163.9032398683,1046998.9364296931
2017-06-17,2017-06-22,798417.0002704131,689160.824588885,925923.9122783751
2017-06-17,2017-06-23,887748.7333136171,766281.1669945668,1029251.2335086408
2017-06-17,2017-06-24,1122427.7126600565,972825.142754771,1289795.9467514397
2017-06-17,2017-06-25,1226274.1478694035,1069192.101436776,1411721.2053995454
2017-06-17,2017-06-26,948691.3981735462,829654.5978124401,1089885.0805596772
2017-06-17,2017-06-27,882192.3557473824,764804.2273756752,1011648.8379932644
2017-06-17,2017-06-28,922557.3691618679,800167.6325510907,1060341.761517321
2017-06-17,2017-06-29,811685.755991018,703321.847406356,928652.6658984433
2017-06-17,2017-06-30,902445.4415387572,776820.9557349965,1044980.5455392868
2017-06-17,2017-07-01,1148230.1043262116,1001068.7399016613,1333937.5373149284
2017-06-17,2017-07-02,1256598.5788180998,1095829.1137921703,1450024.1221214721
2017-06-17,2017-07-03,973932.7295243401,839116.4929681077,1114485.784448009
2017-06-17,2017-07-04,906272.8952488962,775373.829410447,1046574.6404539826
2017-06-17,2017-07-05,947329.3296967616,823604.5221505726,1087403.3657402338
2017-06-17,2017-07-06,833703.6167808333,720156.0539985119,959007.9838681233
2017-06-17,2017-07-07,928245.313553662,810180.5314455358,1070700.1994682977
2017-06-17,2017-07-08,1179816.3704768312,1012668.5568223316,1370058.303237888
2017-06-17,2017-07-09,1291554.4335111382,1118910.7732845794,1494420.5876348568
2017-06-17,2017-07-10,1000348.3719181527,868789.169317103,1156016.984939038
2017-06-17,2017-07-11,930819.3880063255,806666.2227435618,1078264.0789650471
2017-06-17,2017-07-12,971902.7659112125,847182.3694650169,1122682.0033842467
2017-06-17,2017-07-13,838639.6511385448,728173.479737708,975116.5605565539
2017-06-17,2017-07-14,914211.7212644345,798095.6089617074,1060969.0182410984
2017-06-17,2017-07-15,1138066.0069096892,985538.9107560704,1320710.144230163
2017-06-17,2017-07-16,1277793.9709417135,1096390.286537378,1477017.3090705837
2017-06-17,2017-07-17,1018143.3499424704,902103.66966208,1178371.622693813
2017-06-17,2017-07-18,943317.5537045092,818723.072490771,1108099.5672140606
2017-06-17,2017-07-19,979981.7881268013,850446.0594317892,1134507.3755012888
2017-06-17,2017-07-20,857735.1200789735,743260.0105377245,984428.0288979997
2017-06-17,2017-07-21,946120.959925061,816451.0521804645,1097921.1458039063
2017-06-17,2017-07-22,1189993.6041107464,1028693.5704321427,1382268.6072430932
2017-06-18,2017-06-19,902516.9133064144,784189.0528341128,1043055.5165054997
2017-06-18,2017-06-20,837453.4949221837,723416.9223204704,970612.3329326756
2017-06-18,2017-06-21,872714.3173154137,756539.991545862,1004395.3239171952
2017-06-18,2017-06-22,766369.386868859,665559.609459048,886717.1725638955
2017-06-18,2017-06-23,851856.2444720522,741564.7002830196,979742.8603889667
2017-06-18,2017-06-24,1077174.6623957478,938153.541599417,1246649.1275428263
2017-06-18,2017-06-25,1178563.3217856162,1019029.4934733987,1359592.3221733996
2017-06-18,2017-06-26,911935.8800560932,794969.5736724115,1053089.399272336
2017-06-18,2017-06-27,847966.7454106312,735116.6889765208,977366.7990849476
2017-06-18,2017-06-28,886748.7364377716,775032.398633097,1018944.3293212899
2017-06-18,2017-06-29,780290.5209095286,679114.8865713615,902064.5518478628
2017-06-18,2017-06-30,867589.4759987276,751274.3013454963,999507.7521346041
2017-06-18,2017-07-01,1103971.0537338299,956552.517476753,1272550.1511186154
2017-06-18,2017-07-02,1207480.7389330768,1047187.4410033631,1396565.8791873455
2017-06-18,2017-07-03,936078.9882322313,813536.2506842752,1072139.5239338004
2017-06-18,2017-07-04,871091.6532608514,759062.3846651867,1008876.5720689852
2017-06-18,2017-07-05,910664.2821880592,782611.7015112004,1057740.5799479133
2017-06-18,2017-07-06,801588.9554548097,692457.9354853607,926623.2415361295
2017-06-18,2017-07-07,892474.1403087849,765672.6392784839,1028569.8405654172
2017-06-18,2017-07-08,1134497.5390170056,982790.5693775453,1311418.7686198507
2017-06-18,2017-07-09,1242075.9409789043,1082013.621634967,1434504.10073315
2017-06-18,2017-07-10,962173.9616679032,828271.6437249568,1111691.0156443424
2017-06-18,2017-07-11,895191.4458142188,781716.663882296,1034294.190089476
2017-06-18,2017-07-12,934681.8640934668,810076.6703539997,1075493.76738174
2017-06-18,2017-07-13,806215.8599370631,699013.660326944,929276.9749205085
2017-06-18,2017-07-14,878398.0334372286,765048.3126074398,1009874.7508781593
2017-06-18,2017-07-15,1092991.0948999121,955577.0583249064,1256478.607621007
2017-06-18,2017-07-16,1225279.2963167117,1071241.2984392878,1436030.1594647474
2017-06-18,2017-07-17,976574.4833503322,848988.040925771,1137539.3942256921
2017-06-18,2017-07-18,904563.2215721254,792471.1838558115,1036308.9130132697
2017-06-18,2017-07-19,939594.3009089184,814170.4505580462,1092929.72826905
2017-06-18,2017-07-20,822244.6764923561,707052.4730766701,941288.1032750938
2017-06-18,2017-07-21,906825.7924028832,784767.0284096367,1057410.4512107244
2017-06-18,2017-07-22,1140596.754080714,975544.9172309807,1313338.0409077604
2017-06-18,2017-07-23,1236912.6297749286,1070008.4798056637,1449288.8601736412
2017-06-19,2017-06-20,759423.193537684,660183.4212562138,873399.2121673916
2017-06-19,2017-06-21,791450.4802415589,686274.277464925,919823.1943197735
2017-06-19,2017-06-22,695035.9710766822,600799.829377695,802212.0071356557
2017-06-19,2017-06-23,772649.5713321179,669831.8809511734,884951.8457600677
2017-06-19,2017-06-24,977067.9446842448,844748.4033542059,1122302.667433566
2017-06-19,2017-06-25,1069091.9331144432,930955.5937416449,1218767.7922099254
2017-06-19,2017-06-26,828721.8859830713,718937.2768864442,952172.1818145488
2017-06-19,2017-06-27,770666.1551864609,671970.2513037566,880393.9790010361
2017-06-19,2017-06-28,806028.5660481587,699475.4158065752,933207.7639850074
2017-06-19,2017-06-29,709328.5614493814,615163.2690613063,821346.5537350918
2017-06-19,2017-06-30,788772.578322884,682758.9838643332,905395.0003407343
2017-06-19,2017-07-01,1003799.5244371429,871238.677109199,1163282.1743558666
2017-06-19,2017-07-02,1098001.7680016928,952325.9130301843,1265031.3808964046
2017-06-19,2017-07-03,850438.3471849709,736755.4425955325,982066.7465305745
2017-06-19,2017-07-04,791475.8839247652,687391.9945615011,916088.2205530427
2017-06-19,2017-07-05,827533.8560747326,718559.86085369,955104.9897376191
2017-06-19,2017-07-06,728473.26901114,630947.6959859411,837587.2337340936
2017-06-19,2017-07-07,811153.6232739333,709311.177031997,936863.1601556697
2017-06-19,2017-07-08,1031207.0732801519,893317.7907664446,1183727.331574295
2017-06-19,2017-07-09,1129062.6982993248,967708.2560284988,1303827.2706172937
2017-06-19,2017-07-10,874668.1181485968,755134.1468374543,1010963.2264393532
2017-06-19,2017-07-11,813836.5544964309,697677.229890652,941346.5594419931
2017-06-19,2017-07-12,849808.9955937454,739199.3998557926,984477.5248064756
2017-06-19,2017-07-13,732981.3726686691,636440.2855284478,855468.2006826082
2017-06-19,2017-07-14,798586.0712157179,696311.906466702,927598.5638728383
2017-06-19,2017-07-15,993642.1408387428,865579.4210592244,1152996.8534759742
2017-06-19,2017-07-16,1114034.556333632,957976.9180683019,1282920.297859464
2017-06-19,2017-07-17,885746.0666758608,767245.7495759617,1023833.22858767
2017-06-19,2017-07-18,820455.6596787041,702925.4643595784,948431.4284324764
2017-06-19,2017-07-19,852261.4388751389,727836.86090183,987414.0320425708
2017-06-19,2017-07-20,745831.4649376364,632096.9039267307,860799.7983787631
2017-06-19,2017-07-21,822553.5808000187,714026.0084306359,950159.6184626108
2017-06-19,2017-07-22,1034574.7847670715,893605.4614786577,1204642.1835576242
2017-06-19,2017-07-23,1121927.1602464982,967594.1872335996,1294930.4447772184
2017-06-19,2017-07-24,863261.2353201344,742642.1269936953,995004.259933956
2017-06-20,2017-06-21,817629.7481568531,707421.3148239828,944820.9148229356
2017-06-20,2017-06-22,718079.5136074561,623593.3214516551,816019.3058821481
2017-06-20,2017-06-23,798347.686947388,694090.34352978,919951.9425204513
2017-06-20,2017-06-24,1009581.2630732782,874666.4141308442,1164638.680276391
2017-06-20,2017-06-25,1104715.550702225,957105.2245502257,1273264.2635709909
2017-06-20,2017-06-26,856372.96011061,745016.440157304,990737.3912937226
2017-06-20,2017-06-27,796412.0353673451,697891.4317694808,915587.0578253606
2017-06-20,2017-06-28,833030.8535598917,712256.6768773389,964184.7492564028
2017-06-20,2017-06-29,733165.151900522,635078.4567057716,847978.1949842343
2017-06-20,2017-06-30,815335.8853383643,700401.4086937599,937556.3216327275
2017-06-20,2017-07-01,1037671.1607431822,894173.1940490204,1201861.7887543282
2017-06-20,2017-07-02,1135107.0698036687,994769.575266366,1304660.3490374524
2017-06-20,2017-07-03,879218.5339827215,757167.9521418007,1010774.8823554151
2017-06-20,2017-07-04,818381.3569240952,712267.7795272934,944761.7129813604
2017-06-20,2017-07-05,855722.4769492667,742500.5768466998,985049.2787202295
2017-06-20,2017-07-06,753354.4455749281,653726.145873572,862562.7089576089
2017-06-20,2017-07-07,838923.1348913657,722843.3076778349,970268.1864667116
2017-06-20,2017-07-08,1066547.7605420111,920088.2912898586,1222202.952143246
2017-06-20,2017-07-09,1167822.8814247285,1020495.7418197771,1353116.76888007
2017-06-20,2017-07-10,904737.653031047,785367.7798462926,1052219.2439579414
2017-06-20,2017-07-11,841903.0206756734,721529.3993424781,962958.0512174167
2017-06-20,2017-07-12,879164.3550546502,762168.7925006723,1028575.2328945658
2017-06-20,2017-07-13,758334.6650242878,653012.4375291228,879776.8975606484
2017-06-20,2017-07-14,826222.7864217366,715110.0045563291,947145.9795358184
2017-06-20,2017-07-15,1028017.2348492864,891007.1629717412,1176930.0333412043
2017-06-20,2017-07-16,1152661.1638685705,986283.4199833103,1332156.4334926358
2017-06-20,2017-07-17,916558.5871166924,795711.0494585338,1057774.6277280638
2017-06-20,2017-07-18,849164.2711227348,732330.6350676775,986061.631512383
2017-06-20,2017-07-19,882111.8048733649,756851.5667707318,1017715.5897843918
2017-06-20,2017-07-20,772014.3591987827,665782.7035820083,902420.8020146913
2017-06-20,2017-07-21,851446.2536176057,736186.8047899961,991998.3620064982
2017-06-20,2017-07-22,1070885.288545922,936394.6644127052,1243579.5722682248
2017-06-20,2017-07-23,1161329.4365172253,1002767.4226609125,1352825.6870959054
2017-06-20,2017-07-24,893640.094097137,771128.8994958126,1035379.8421488946
2017-06-20,2017-07-25,822975.7563677868,706612.385115435,955438.7145949476
2017-06-21,2017-06-22,715254.0846666403,622536.9311090659,826145.1475079884
2017-06-21,2017-06-23,795126.7058154945,685554.8082873801,915233.6940445811
2017-06-21,2017-06-24,1005653.6040806426,876645.6037154743,1162519.21068512
2017-06-21,2017-06-25,1100321.0388556188,948513.6611767536,1271358.0724691337
2017-06-21,2017-06-26,852947.9610398784,740437.2930468905,983932.9803783125
2017-06-21,2017-06-27,793181.4067204692,689898.9783325165,925240.2597915876
2017-06-21,2017-06-28,829667.5671524792,716911.0424661896,957864.4350027131
2017-06-21,2017-06-29,730160.7231226515,629734.4534620652,843965.3823944896
2017-06-21,2017-06-30,812042.83759359,705458.8132912733,945136.3896971986
2017-06-21,2017-07-01,1033566.9052896297,887298.7160624319,1191539.775961068
2017-06-21,2017-07-02,1130570.053622465,972555.7777463518,1305844.8517276254
2017-06-21,2017-07-03,875720.3969939344,756977.7555945049,1013924.6188893088
2017-06-21,2017-07-04,815121.0413482324,707668.9162014712,934491.205855806
2017-06-21,2017-07-05,852315.5011144686,746557.6833926934,983326.4969604976
2017-06-21,2017-07-06,750345.2243866962,643429.3227674119,853461.8515120844
2017-06-21,2017-07-07,835611.1814776877,729139.5384538095,960456.1632207222
2017-06-21,2017-07-08,1062502.2636776261,922110.9267742949,1228207.1748543954
2017-06-21,2017-07-09,1163300.5659410204,1009385.596424683,1332719.0759488496
2017-06-21,2017-07-10,901225.2390577105,783453.4546219828,1024919.4681429951
2017-06-21,2017-07-11,838604.3702856915,728147.1926498782,961898.3170571933
2017-06-21,2017-07-12,875743.6832472367,763429.4925862805,1003670.7936415921
2017-06-21,2017-07-13,755310.6156766261,647055.2257465491,879424.7305273466
2017-06-21,2017-07-14,822924.6872595096,710279.3461130965,948089.859448548
2017-06-21,2017-07-15,1023981.7181869032,888651.8441520256,1174461.2291998377
2017-06-21,2017-07-16,1148170.8729817297,995239.1832877451,1325091.3607917908
2017-06-21,2017-07-17,912969.1816402414,789552.3000057301,1065688.93531149
2017-06-21,2017-07-18,845785.0873460198,720837.0302490788,981591.0543703219
2017-06-21,2017-07-19,878529.8127301297,765367.215060165,1017161.7288209125
2017-06-21,2017-07-20,768799.8725910194,661419.6650308223,879937.1418808479
2017-06-21,2017-07-21,847965.8557547067,729581.7367087696,963572.6098960803
2017-06-21,2017-07-22,1066719.8528858237,918009.2981514132,1230722.4406771087
2017-06-21,2017-07-23,1156683.3896836715,996022.1042474405,1326890.7329515966
2017-06-21,2017-07-24,889901.3631166182,766746.4557882345,1033192.1370140341
2017-06-21,2017-07-25,819473.5069571838,700612.9088586036,952642.2709741202
2017-06-21,2017-07-26,846431.409467262,722702.0123292473,983960.787883156
2017-06-22,2017-06-23,732318.1030104363,639460.0323710684,847736.7356598262
2017-06-22,2017-06-24,926075.6921883781,805214.4563735462,1067861.1323655194
2017-06-22,2017-06-25,1013364.2644670922,891031.6100048842,1185986.9569087406
2017-06-22,2017-06-26,785615.8060786533,683471.8739013951,912909.1748370194
2017-06-22,2017-06-27,730651.6632785926,632539.737025955,837686.9687582637
2017-06-22,2017-06-28,764364.4425683557,666105.1276497397,875379.3998893818
2017-06-22,2017-06-29,673169.9993471743,572645.8378521121,773222.4622247413
2017-06-22,2017-06-30,748760.9348103399,646503.7078124807,868734.9982673982
2017-06-22,2017-07-01,953053.164351657,832359.8506551324,1096000.044074928
2017-06-22,2017-07-02,1042682.3573768428,904186.3335306889,1197607.6803902204
2017-06-22,2017-07-03,807765.2396616407,698424.3017385738,931979.5025841476
2017-06-22,2017-07-04,751978.8102787429,653096.9969415949,864801.7998206362
2017-06-22,2017-07-05,786381.6280135,685165.6483513849,908631.9553008763
2017-06-22,2017-07-06,692098.1885130864,597522.8636407614,799034.6521662805
2017-06-22,2017-07-07,770878.892187631,669529.01813188,886671.3146002622
2017-06-22,2017-07-08,980169.714461981,847868.1321043051,1136364.4780545877
2017-06-22,2017-07-09,1073373.6153189715,933284.7915195922,1241556.1890394986
2017-06-22,2017-07-10,831682.5496017748,721724.6375747441,957507.4265901003
2017-06-22,2017-07-11,773997.7568243318,670354.0380747308,886098.481295798
2017-06-22,2017-07-12,808333.0470847785,700692.5260298959,940611.6986149944
2017-06-22,2017-07-13,697098.8969716047,603297.7193599578,795415.651980801
2017-06-22,2017-07-14,759465.7096538201,657112.3948291023,874431.6757796827
2017-06-22,2017-07-15,944812.3452682467,807970.3383950659,1096358.031515007
2017-06-22,2017-07-16,1059703.2985598517,911255.345883734,1215710.9582767063
2017-06-22,2017-07-17,842914.7769522613,727994.3961157838,967594.3104244337
2017-06-22,2017-07-18,780932.4751655232,682027.4813342829,892214.5796524261
2017-06-22,2017-07-19,811147.3946487028,706471.2165809834,934167.4314576766
2017-06-22,2017-07-20,709138.9521287618,616946.9714216364,820255.2198217928
2017-06-22,2017-07-21,782141.2705360934,678787.5097877082,910063.3057500714
2017-06-22,2017-07-22,983680.4175793263,847565.3390473806,1138451.885361158
2017-06-22,2017-07-23,1066706.4756911306,914676.4159113806,1222967.4742197697
2017-06-22,2017-07-24,820801.1564607915,702584.8980036463,952990.7248141062
2017-06-22,2017-07-25,755853.606389826,649407.5108405082,873660.6547689849
2017-06-22,2017-07-26,780679.9300136715,675006.0819322907,908345.0687581664
2017-06-22,2017-07-27,679464.9460852661,587834.6844010054,785668.203179562
2017-06-23,2017-06-24,1069783.526324161,931248.4950288843,1232730.4534264382
2017-06-23,2017-06-25,1170526.9871884102,1017931.5435639711,1348424.527067607
2017-06-23,2017-06-26,907497.3471204751,791972.6937337624,1039254.9673518926
2017-06-23,2017-06-27,843982.4729527365,728122.3273180424,979488.5048144046
2017-06-23,2017-06-28,882881.8427453286,761121.8881866363,1022862.0725112217
2017-06-23,2017-06-29,777571.0370543646,670399.1855176135,889247.0532668685
2017-06-23,2017-06-30,864047.5165081945,749091.6426235033,1003412.9345524989
2017-06-23,2017-07-01,1099881.6697827713,954483.9130854361,1254526.7739706729
2017-06-23,2017-07-02,1203347.6709964685,1050044.7495226383,1385731.0884643467
2017-06-23,2017-07-03,932368.9720078841,805197.4129537413,1076233.1923648543
2017-06-23,2017-07-04,868056.3786354315,750501.9913384826,987632.1365648281
2017-06-23,2017-07-05,907868.1720586248,777655.4926862618,1046074.5212998041
2017-06-23,2017-07-06,799126.549256989,699152.1946943232,929863.663896489
2017-06-23,2017-07-07,890668.7526376395,773595.3752170131,1022999.4142733589
2017-06-23,2017-07-08,1132680.9487541534,970910.5710297026,1305013.7101343393
2017-06-23,2017-07-09,1240386.8623172261,1082566.0591130753,1424307.5676635976
2017-06-23,2017-07-10,961213.3561506346,832508.0909149683,1124164.7874116506
2017-06-23,2017-07-11,894586.6833359402,773663.1108864386,1038299.2514690651
2017-06-23,2017-07-12,934344.7095444195,807963.2243963368,1084265.4719961497
2017-06-23,2017-07-13,805714.4559614374,705382.8185765243,939784.9983219497
2017-06-23,2017-07-14,877736.3039033203,761127.9116867096,1016674.8563927333
2017-06-23,2017-07-15,1091911.2947896232,939029.026341161,1260086.73888071
2017-06-23,2017-07-16,1224923.1843866543,1067524.166322082,1422536.4576879737
2017-06-23,2017-07-17,974492.6941884082,849151.723697293,1117625.8481467203
2017-06-23,2017-07-18,902803.2113336767,783679.6172695524,1043702.8162844767
2017-06-23,2017-07-19,937753.4710325251,810507.9854429357,1075267.714161381
2017-06-23,2017-07-20,819811.2730837972,710989.8956773821,947186.186631331
2017-06-23,2017-07-21,905590.8861982367,779943.4098273545,1049967.937605967
2017-06-23,2017-07-22,1139107.8690576036,983541.8101298467,1326236.14802881
2017-06-23,2017-07-23,1235095.9470186399,1064792.8356137483,1422906.124488296
2017-06-23,2017-07-24,950201.549242126,821921.3493881731,1095404.5941078074
2017-06-23,2017-07-25,874940.4748373316,749779.394927562,1005170.4633354582
2017-06-23,2017-07-26,903650.198143425,785194.4160913037,1049768.596248925
2017-06-23,2017-07-27,786410.206836936,682278.9981688242,911941.2077756927
2017-06-23,2017-07-28,863038.824498147,739065.0968317846,1000624.0209457639
2017-06-24,2017-06-25,1132199.065708392,994129.9746438086,1297695.500560551
2017-06-24,2017-06-26,877759.1078752324,761264.6095061142,998252.4610519313
2017-06-24,2017-06-27,816302.0599914961,701433.1159533423,942123.2617243208
2017-06-24,2017-06-28,853977.7057213994,743235.3947796896,981079.6924001514
2017-06-24,2017-06-29,752134.8838106978,649678.6969201459,865736.556778886
2017-06-24,2017-06-30,835754.9313395931,731429.6139034784,961645.0368973284
2017-06-24,2017-07-01,1062404.109565166,920995.3262673693,1221833.4119140012
2017-06-24,2017-07-02,1162541.879987069,1005654.7498143001,1338299.7742689725
2017-06-24,2017-07-03,900768.1477379636,778120.4006769172,1034453.2595902388
2017-06-24,2017-07-04,838642.3306764711,724851.4695805664,972254.5218235409
2017-06-24,2017-07-05,877153.1052870739,758769.3076953753,1014617.3327378226
2017-06-24,2017-07-06,772117.0160898345,669453.760301765,890247.2345656798
2017-06-24,2017-07-07,860608.6134807455,740207.1852860536,987170.6769058778
2017-06-24,2017-07-08,1095232.874460685,949212.0572836841,1248274.683596726
2017-06-24,2017-07-09,1199649.9524726046,1041319.1701472498,1405113.8801947115
2017-06-24,2017-07-10,929693.9169486224,808280.514601294,1061649.3803372006
2017-06-24,2017-07-11,865281.0022406352,745903.3075801674,997716.7623087997
2017-06-24,2017-07-12,903783.2817661908,778903.9876776206,1039251.6457409958
2017-06-24,2017-07-13,779357.8611720091,681760.0713329586,908406.5673699873
2017-06-24,2017-07-14,848969.072034086,732732.0563294613,986269.2669349598
2017-06-24,2017-07-15,1055999.327328648,916306.264476583,1217948.2283916415
2017-06-24,2017-07-16,1184895.39831285,1034716.4896121025,1366516.0513461833
2017-06-24,2017-07-17,942784.5037812404,828369.5239458595,1095242.6746635914
2017-06-24,2017-07-18,873416.0419801486,760671.5770839175,1006857.6574165854
2017-06-24,2017-07-19,907212.0653623579,788442.0946715033,1042663.0866129579
2017-06-24,2017-07-20,793100.9512675547,688497.1883237045,930159.8784300053
2017-06-24,2017-07-21,876037.1168340399,760014.4576561432,1021975.7723636023
2017-06-24,2017-07-22,1103902.6913773005,962906.6891923257,1270065.03476639
2017-06-24,2017-07-23,1197073.4078624723,1027268.020096547,1359387.408529904
2017-06-24,2017-07-24,921018.5730510968,810671.491016505,1065197.4073821108
2017-06-24,2017-07-25,848012.9735028374,736749.2265490016,984910.2266934774
2017-06-24,2017-07-26,875788.3790286166,758598.8098738005,1021036.0942578652
2017-06-24,2017-07-27,762152.6814810301,665047.8293570235,887928.8715435903
2017-06-24,2017-07-28,836295.7504937412,722831.6242369763,970269.0027289857
2017-06-24,2017-07-29,1046962.0673600357,904449.9952704047,1207783.1755457344
2017-06-25,2017-06-26,884738.344410681,766507.1638416104,1009174.1240260528
2017-06-25,2017-06-27,822865.5704751575,716132.400138091,937843.7590991117
2017-06-25,2017-06-28,860813.7767675394,743093.2235196852,987392.4419661065
2017-06-25,2017-06-29,758175.0277475545,648628.908735436,863526.991584571
2017-06-25,2017-06-30,842470.0813360163,733259.569050994,972146.0211565432
2017-06-25,2017-07-01,1070868.160634067,930414.0501084485,1231941.2012730504
2017-06-25,2017-07-02,1172248.3467811323,1018103.9324694611,1353213.050570555
2017-06-25,2017-07-03,908373.5004511029,795011.1328581913,1046293.7279215133
2017-06-25,2017-07-04,845835.9240974317,731525.8236323824,975110.2985738151
2017-06-25,2017-07-05,884682.9041445549,769562.597774587,1010001.2814221879
2017-06-25,2017-07-06,778794.2336864127,675435.6041913984,894042.5112613734
2017-06-25,2017-07-07,868078.3061878434,750832.004306606,1002301.6382889748
2017-06-25,2017-07-08,1104689.7960658923,958691.9848673391,1270598.3061099907
2017-06-25,2017-07-09,1209723.1439179927,1044872.3532445894,1393044.897202576
2017-06-25,2017-07-10,937593.4355758887,809117.6338518787,1084086.4502045787
2017-06-25,2017-07-11,872751.4101040367,761351.8881269069,998087.4380238331
2017-06-25,2017-07-12,911587.9701065676,797550.537393487,1055992.662299066
2017-06-25,2017-07-13,786096.7980079002,689248.3528814965,911450.5210053108
2017-06-25,2017-07-14,856290.4575441433,748364.4265365249,993309.1825008707
2017-06-25,2017-07-15,1064994.9015201833,926177.4434530789,1234193.5876418322
2017-06-25,2017-07-16,1195015.7489985458,1047555.1350820558,1387208.1856589941
2017-06-25,2017-07-17,950955.2680506567,834133.0541035709,1102282.1795077063
2017-06-25,2017-07-18,881073.2820566833,769156.0081266791,1018274.8073524728
2017-06-25,2017-07-19,915132.653650698,791403.6365622279,1057104.0121688708
2017-06-25,2017-07-20,800033.6572985334,695163.759113193,930645.0017917881
2017-06-25,2017-07-21,883673.263756038,765210.4071924853,1023433.7107023033
2017-06-25,2017-07-22,1113408.1218284783,965725.2541944934,1295741.5833369931
2017-06-25,2017-07-23,1206570.424327577,1049087.0605771462,1387528.754344019
2017-06-25,2017-07-24,928351.2972835022,800843.1612188272,1072454.1264112764
2017-06-25,2017-07-25,854821.1106521073,741630.5905191439,991475.1378184697
2017-06-25,2017-07-26,882761.6754796458,770829.9336599846,1019930.2062795348
2017-06-25,2017-07-27,768209.4934560213,666184.5573731285,901206.8385540498
2017-06-25,2017-07-28,842905.6279125767,727494.6371862758,975500.513110485
2017-06-25,2017-07-29,1055112.788000384,909296.8803301317,1229905.284108771
2017-06-25,2017-07-30,1139622.0609839417,983464.4521950898,1334457.5377099165
