ds,trend,yhat_lower,yhat_upper,trend_lower,trend_upper,All Souls' Day,All Souls' Day_lower,All Souls' Day_upper,Christmas Day,Christmas Day_lower,Christmas Day_upper,Good Friday,Good Friday_lower,Good Friday_upper,Independence Day,Independence Day_lower,Independence Day_upper,Our Lady of Aparecida,Our Lady of Aparecida_lower,Our Lady of Aparecida_upper,Republic Proclamation Day,Republic Proclamation Day_lower,Republic Proclamation Day_upper,Tiradentes' Day,Tiradentes' Day_lower,Tiradentes' Day_upper,Universal Fraternization Day,Universal Fraternization Day_lower,Universal Fraternization Day_upper,Worker's Day,Worker's Day_lower,Worker's Day_upper,additive_terms,additive_terms_lower,additive_terms_upper,christmas_dummy,christmas_dummy_lower,christmas_dummy_upper,extra_regressors_additive,extra_regressors_additive_lower,extra_regressors_additive_upper,holidays,holidays_lower,holidays_upper,july_15_dummy,july_15_dummy_lower,july_15_dummy_upper,log_transactions,log_transactions_lower,log_transactions_upper,log_transactions_lag_1,log_transactions_lag_1_lower,log_transactions_lag_1_upper,log_transactions_lag_14,log_transactions_lag_14_lower,log_transactions_lag_14_upper,log_transactions_lag_28,log_transactions_lag_28_lower,log_transactions_lag_28_upper,log_transactions_lag_7,log_transactions_lag_7_lower,log_transactions_lag_7_upper,weekly,weekly_lower,weekly_upper,yearly,yearly_lower,yearly_upper,multiplicative_terms,multiplicative_terms_lower,multiplicative_terms_upper,yhat
2017-07-12,13.636710046271942,13.487069599689676,13.784947094230208,13.636710046271942,13.636710046271942,0.0,0.0,0.0,0.0,0.0,0.0,0.0,0.0,0.0,0.0,0.0,0.0,0.0,0.0,0.0,0.0,0.0,0.0,0.0,0.0,0.0,0.0,0.0,0.0,0.0,0.0,0.0,0.0012537928466383448,0.0012537928466383448,0.0012537928466383448,-0.000702834966532575,-0.000702834966532575,-0.000702834966532575,0.006525053378734666,0.006525053378734666,0.006525053378734666,0.0,0.0,0.0,0.00017707034191519834,0.00017707034191519834,0.00017707034191519834,0.007308772115536398,0.007308772115536398,0.007308772115536398,0.0002968153943498999,0.0002968153943498999,0.0002968153943498999,0.00011879914444742903,0.00011879914444742903,0.00011879914444742903,0.000997861938666443,0.000997861938666443,0.000997861938666443,-0.0016714305896481272,-0.0016714305896481272,-0.0016714305896481272,-0.046008818589746155,-0.046008818589746155,-0.046008818589746155,0.04073755805764983,0.04073755805764983,0.04073755805764983,0.0,0.0,0.0,13.63796383911858
2017-07-13,13.636969275903656,13.337906067800324,13.628907949817247,13.636969275903656,13.636969275903656,0.0,0.0,0.0,0.0,0.0,0.0,0.0,0.0,0.0,0.0,0.0,0.0,0.0,0.0,0.0,0.0,0.0,0.0,0.0,0.0,0.0,0.0,0.0,0.0,0.0,0.0,0.0,-0.15718906702946028,-0.15718906702946028,-0.15718906702946028,-0.000702834966532575,-0.000702834966532575,-0.000702834966532575,-0.0179790556871041,-0.0179790556871041,-0.0179790556871041,0.0,0.0,0.0,0.00017707034191519834,0.00017707034191519834,0.00017707034191519834,-0.01843595375485626,-0.01843595375485626,-0.01843595375485626,0.0006866708440235468,0.0006866708440235468,0.0006866708440235468,-0.00014071529359527962,-0.00014071529359527962,-0.00014071529359527962,0.0008618631984564185,0.0008618631984564185,0.0008618631984564185,-0.00042515605651514786,-0.00042515605651514786,-0.00042515605651514786,-0.18137848716446878,-0.18137848716446878,-0.18137848716446878,0.0421684758221126,0.0421684758221126,0.0421684758221126,0.0,0.0,0.0,13.479780208874196
2017-07-14,13.637228505535372,13.46784233014604,13.760378322932953,13.637228505535372,13.637228505535372,0.0,0.0,0.0,0.0,0.0,0.0,0.0,0.0,0.0,0.0,0.0,0.0,0.0,0.0,0.0,0.0,0.0,0.0,0.0,0.0,0.0,0.0,0.0,0.0,0.0,0.0,0.0,-0.02527471485005286,-0.02527471485005286,-0.02527471485005286,-0.000702834966532575,-0.000702834966532575,-0.000702834966532575,0.00449072968963063,0.00449072968963063,0.00449072968963063,0.0,0.0,0.0,-0.01807224177171993,-0.01807224177171993,-0.01807224177171993,0.02309225238504309,0.02309225238504309,0.02309225238504309,-0.0013209342848055268,-0.0013209342848055268,-0.0013209342848055268,0.000843166083690903,0.000843166083690903,0.000843166083690903,0.002397199737215359,0.002397199737215359,0.002397199737215359,-0.0017458774932606873,-0.0017458774932606873,-0.0017458774932606873,-0.07280852413759378,-0.07280852413759378,-0.07280852413759378,0.043043079597910296,0.043043079597910296,0.043043079597910296,0.0,0.0,0.0,13.61195379068532
2017-07-15,13.637487735167086,13.73552617539405,14.025188310582537,13.637487735167086,13.637487735167086,0.0,0.0,0.0,0.0,0.0,0.0,0.0,0.0,0.0,0.0,0.0,0.0,0.0,0.0,0.0,0.0,0.0,0.0,0.0,0.0,0.0,0.0,0.0,0.0,0.0,0.0,0.0,0.24552833556400344,0.24552833556400344,0.24552833556400344,-0.000702834966532575,-0.000702834966532575,-0.000702834966532575,0.04333249097414912,0.04333249097414912,0.04333249097414912,0.0,0.0,0.0,-0.03632155388535506,-0.03632155388535506,-0.03632155388535506,0.07495913447170352,0.07495913447170352,0.07495913447170352,0.0019174858893791192,0.0019174858893791192,0.0019174858893791192,0.002483788194766955,0.002483788194766955,0.002483788194766955,0.004911973692629118,0.004911973692629118,0.004911973692629118,-0.003915502422441971,-0.003915502422441971,-0.003915502422441971,0.15889406996469518,0.15889406996469518,0.15889406996469518,0.04330177462515913,0.04330177462515913,0.04330177462515913,0.0,0.0,0.0,13.88301607073109
2017-07-16,13.637746964798803,13.811634245696562,14.122362086877633,13.637746964798803,13.637746964798803,0.0,0.0,0.0,0.0,0.0,0.0,0.0,0.0,0.0,0.0,0.0,0.0,0.0,0.0,0.0,0.0,0.0,0.0,0.0,0.0,0.0,0.0,0.0,0.0,0.0,0.0,0.0,0.3312650298247199,0.3312650298247199,0.3312650298247199,-0.000702834966532575,-0.000702834966532575,-0.000702834966532575,0.04781289205923824,0.04781289205923824,0.04781289205923824,0.0,0.0,0.0,-0.01807224177171993,-0.01807224177171993,-0.01807224177171993,0.058567109406829826,0.058567109406829826,0.058567109406829826,0.005962128625828039,0.005962128625828039,0.005962128625828039,0.0021464671430718443,0.0021464671430718443,0.0021464671430718443,0.003199928999397618,0.003199928999397618,0.003199928999397618,-0.0032876653776365773,-0.0032876653776365773,-0.0032876653776365773,0.24056077805936638,0.24056077805936638,0.24056077805936638,0.04289135970611534,0.04289135970611534,0.04289135970611534,0.0,0.0,0.0,13.969011994623523
2017-07-17,13.638006194430517,13.528010769565121,13.832628045695209,13.638006194430517,13.638006194430517,0.0,0.0,0.0,0.0,0.0,0.0,0.0,0.0,0.0,0.0,0.0,0.0,0.0,0.0,0.0,0.0,0.0,0.0,0.0,0.0,0.0,0.0,0.0,0.0,0.0,0.0,0.0,0.04593363891733181,0.04593363891733181,0.04593363891733181,-0.000702834966532575,-0.000702834966532575,-0.000702834966532575,0.018599973116982745,0.018599973116982745,0.018599973116982745,0.0,0.0,0.0,0.00017707034191519834,0.00017707034191519834,0.00017707034191519834,0.0133193269020173,0.0133193269020173,0.0133193269020173,0.004683858514978604,0.004683858514978604,0.004683858514978604,0.00107064353891472,0.00107064353891472,0.00107064353891472,0.0010182557099683877,0.0010182557099683877,0.0010182557099683877,-0.0009663469242788911,-0.0009663469242788911,-0.0009663469242788911,-0.014432770302312723,-0.014432770302312723,-0.014432770302312723,0.041766436102661786,0.041766436102661786,0.041766436102661786,0.0,0.0,0.0,13.683939833347848
2017-07-18,13.638265424062231,13.453503079349312,13.743811936010603,13.638265424062231,13.638265424062231,0.0,0.0,0.0,0.0,0.0,0.0,0.0,0.0,0.0,0.0,0.0,0.0,0.0,0.0,0.0,0.0,0.0,0.0,0.0,0.0,0.0,0.0,0.0,0.0,0.0,0.0,0.0,-0.04418529069412986,-0.04418529069412986,-0.04418529069412986,-0.000702834966532575,-0.000702834966532575,-0.000702834966532575,0.000750216071339778,0.000750216071339778,0.000750216071339778,0.0,0.0,0.0,0.00017707034191519834,0.00017707034191519834,0.00017707034191519834,-0.001440902069330397,-0.001440902069330397,-0.001440902069330397,0.0011553812384241511,0.0011553812384241511,0.0011553812384241511,0.0009084739676651129,0.0009084739676651129,0.0009084739676651129,0.0011083696951510336,0.0011083696951510336,0.0011083696951510336,-0.00045534213595274615,-0.00045534213595274615,-0.00045534213595274615,-0.08482624783028045,-0.08482624783028045,-0.08482624783028045,0.03989074106481081,0.03989074106481081,0.03989074106481081,0.0,0.0,0.0,13.5940801333681
2017-07-19,13.638524653693947,13.488755682001036,13.794009387598575,13.638524653693947,13.638524653693947,0.0,0.0,0.0,0.0,0.0,0.0,0.0,0.0,0.0,0.0,0.0,0.0,0.0,0.0,0.0,0.0,0.0,0.0,0.0,0.0,0.0,0.0,0.0,0.0,0.0,0.0,0.0,-0.004833656959392098,-0.004833656959392098,-0.004833656959392098,-0.000702834966532575,-0.000702834966532575,-0.000702834966532575,0.0039367919227646046,0.0039367919227646046,0.0039367919227646046,0.0,0.0,0.0,0.00017707034191519834,0.00017707034191519834,0.00017707034191519834,0.0032089143767021293,0.0032089143767021293,0.0032089143767021293,4.360577542002509e-06,4.360577542002509e-06,4.360577542002509e-06,0.0009063672557707999,0.0009063672557707999,0.0009063672557707999,0.0010238250332634832,0.0010238250332634832,0.0010238250332634832,-0.0006809106958964339,-0.0006809106958964339,-0.0006809106958964339,-0.04600881858980916,-0.04600881858980916,-0.04600881858980916,0.03723836970765246,0.03723836970765246,0.03723836970765246,0.0,0.0,0.0,13.633690996734556
2017-07-20,13.638783883325662,13.347188997856657,13.643231571521877,13.638783883325662,13.638783883325662,0.0,0.0,0.0,0.0,0.0,0.0,0.0,0.0,0.0,0.0,0.0,0.0,0.0,0.0,0.0,0.0,0.0,0.0,0.0,0.0,0.0,0.0,0.0,0.0,0.0,0.0,0.0,-0.1474031109940979,-0.1474031109940979,-0.1474031109940979,-0.000702834966532575,-0.000702834966532575,-0.000702834966532575,0.00018052651969209635,0.00018052651969209635,0.00018052651969209635,0.0,0.0,0.0,0.00017707034191519834,0.00017707034191519834,0.00017707034191519834,-0.0007103697401649332,-0.0007103697401649332,-0.0007103697401649332,0.0003669589362180313,0.0003669589362180313,0.0003669589362180313,0.00034615400502490827,0.00034615400502490827,0.00034615400502490827,0.00022286759756461166,0.00022286759756461166,0.00022286759756461166,0.0004806803456668549,0.0004806803456668549,0.0004806803456668549,-0.18137848716455404,-0.18137848716455404,-0.18137848716455404,0.03379484965076404,0.03379484965076404,0.03379484965076404,0.0,0.0,0.0,13.491380772331564
2017-07-21,13.639043112957378,13.478899335264945,13.773410293581726,13.639043112957378,13.639043112957378,0.0,0.0,0.0,0.0,0.0,0.0,0.0,0.0,0.0,0.0,0.0,0.0,0.0,0.0,0.0,0.0,0.0,0.0,0.0,0.0,0.0,0.0,0.0,0.0,0.0,0.0,0.0,-0.015440219509325557,-0.015440219509325557,-0.015440219509325557,-0.000702834966532575,-0.000702834966532575,-0.000702834966532575,0.027810270056592024,0.027810270056592024,0.027810270056592024,0.0,0.0,0.0,0.00017707034191519834,0.00017707034191519834,0.00017707034191519834,0.02721345938034355,0.02721345938034355,0.02721345938034355,6.132837973152589e-05,6.132837973152589e-05,6.132837973152589e-05,0.000939831906433214,0.000939831906433214,0.000939831906433214,0.0015144696028280913,0.0015144696028280913,0.0015144696028280913,-0.0013930545881269813,-0.0013930545881269813,-0.0013930545881269813,-0.07280852413742389,-0.07280852413742389,-0.07280852413742389,0.029558034571506308,0.029558034571506308,0.029558034571506308,0.0,0.0,0.0,13.623602893448052
2017-07-22,13.639302342589094,13.733034540733163,14.029746222756014,13.639302342589094,13.639302342589094,0.0,0.0,0.0,0.0,0.0,0.0,0.0,0.0,0.0,0.0,0.0,0.0,0.0,0.0,0.0,0.0,0.0,0.0,0.0,0.0,0.0,0.0,0.0,0.0,0.0,0.0,0.0,0.2500170591525665,0.2500170591525665,0.2500170591525665,-0.000702834966532575,-0.000702834966532575,-0.000702834966532575,0.0665842035890779,0.0665842035890779,0.0665842035890779,0.0,0.0,0.0,0.00017707034191519834,0.00017707034191519834,0.00017707034191519834,0.06350601385962582,0.06350601385962582,0.06350601385962582,0.002238862638247382,0.002238862638247382,0.002238862638247382,0.0019151006792135377,0.0019151006792135377,0.0019151006792135377,0.003183257203953462,0.003183257203953462,0.003183257203953462,-0.003733266167344906,-0.003733266167344906,-0.003733266167344906,0.15889406996488376,0.15889406996488376,0.15889406996488376,0.024538785598604833,0.024538785598604833,0.024538785598604833,0.0,0.0,0.0,13.88931940174166
2017-07-23,13.639561572220808,13.799284494191753,14.092400181349515,13.639561572220808,13.639576119688012,0.0,0.0,0.0,0.0,0.0,0.0,0.0,0.0,0.0,0.0,0.0,0.0,0.0,0.0,0.0,0.0,0.0,0.0,0.0,0.0,0.0,0.0,0.0,0.0,0.0,0.0,0.0,0.31585790564289556,0.31585790564289556,0.31585790564289556,-0.000702834966532575,-0.000702834966532575,-0.000702834966532575,0.05653571433211969,0.05653571433211969,0.05653571433211969,0.0,0.0,0.0,0.00017707034191519834,0.00017707034191519834,0.00017707034191519834,0.05066767507591714,0.05066767507591714,0.05066767507591714,0.005069000309074497,0.005069000309074497,0.005069000309074497,0.0016328814550712158,0.0016328814550712158,0.0016328814550712158,0.0026855871103924826,0.0026855871103924826,0.0026855871103924826,-0.0029936649937182805,-0.0029936649937182805,-0.0029936649937182805,0.24056077805907908,0.24056077805907908,0.24056077805907908,0.018761413251696783,0.018761413251696783,0.018761413251696783,0.0,0.0,0.0,13.955419477863703
2017-07-24,13.639820801852524,13.511154009582418,13.793928855818901,13.639820801852524,13.640258778120375,0.0,0.0,0.0,0.0,0.0,0.0,0.0,0.0,0.0,0.0,0.0,0.0,0.0,0.0,0.0,0.0,0.0,0.0,0.0,0.0,0.0,0.0,0.0,0.0,0.0,0.0,0.0,0.013520020470014013,0.013520020470014013,0.013520020470014013,-0.000702834966532575,-0.000702834966532575,-0.000702834966532575,0.015688933422528577,0.015688933422528577,0.015688933422528577,0.0,0.0,0.0,0.00017707034191519834,0.00017707034191519834,0.00017707034191519834,0.011705415891951917,0.011705415891951917,0.011705415891951917,0.004067850989498322,0.004067850989498322,0.004067850989498322,0.0005894248793336001,0.0005894248793336001,0.0005894248793336001,0.0008041106484855734,0.0008041106484855734,0.0008041106484855734,-0.0009521043621234603,-0.0009521043621234603,-0.0009521043621234603,-0.014432770301830251,-0.014432770301830251,-0.014432770301830251,0.012263857349315689,0.012263857349315689,0.012263857349315689,0.0,0.0,0.0,13.653340822322539
2017-07-25,13.640080031484239,13.400526581086002,13.705975625976986,13.640080031484239,13.64084910469255,0.0,0.0,0.0,0.0,0.0,0.0,0.0,0.0,0.0,0.0,0.0,0.0,0.0,0.0,0.0,0.0,0.0,0.0,0.0,0.0,0.0,0.0,0.0,0.0,0.0,0.0,0.0,-0.08170633710080252,-0.08170633710080252,-0.08170633710080252,-0.000702834966532575,-0.000702834966532575,-0.000702834966532575,-0.0019776771370190443,-0.0019776771370190443,-0.0019776771370190443,0.0,0.0,0.0,0.00017707034191519834,0.00017707034191519834,0.00017707034191519834,-0.0030237792501499974,-0.0030237792501499974,-0.0030237792501499974,0.0010295264890827652,0.0010295264890827652,0.0010295264890827652,0.00035972295892666175,0.00035972295892666175,0.00035972295892666175,0.0004687464214071744,0.0004687464214071744,0.0004687464214071744,-0.00028612913166827197,-0.00028612913166827197,-0.00028612913166827197,-0.08482624783011089,-0.08482624783011089,-0.08482624783011089,0.005097587866327396,0.005097587866327396,0.005097587866327396,0.0,0.0,0.0,13.558373694383436
2017-07-26,13.640339261115953,13.430990982250519,13.733736484103403,13.64008479812741,13.641497092964704,0.0,0.0,0.0,0.0,0.0,0.0,0.0,0.0,0.0,0.0,0.0,0.0,0.0,0.0,0.0,0.0,0.0,0.0,0.0,0.0,0.0,0.0,0.0,0.0,0.0,0.0,0.0,-0.05085438931471394,-0.05085438931471394,-0.05085438931471394,-0.000702834966532575,-0.000702834966532575,-0.000702834966532575,-0.002172786722442651,-0.002172786722442651,-0.002172786722442651,0.0,0.0,0.0,0.00017707034191519834,0.00017707034191519834,0.00017707034191519834,-0.0021634286074952856,-0.0021634286074952856,-0.0021634286074952856,-0.00011907411593727462,-0.00011907411593727462,-0.00011907411593727462,0.0004611183520544127,0.0004611183520544127,0.0004611183520544127,0.0006702891383885655,0.0006702891383885655,0.0006702891383885655,-0.0004959268648356927,-0.0004959268648356927,-0.0004959268648356927,-0.0460088185898068,-0.0460088185898068,-0.0460088185898068,-0.002672784002464481,-0.002672784002464481,-0.002672784002464481,0.0,0.0,0.0,13.58948487180124
2017-07-27,13.640598490747669,13.287536857663937,13.56871388198482,13.639756260776823,13.642368567436405,0.0,0.0,0.0,0.0,0.0,0.0,0.0,0.0,0.0,0.0,0.0,0.0,0.0,0.0,0.0,0.0,0.0,0.0,0.0,0.0,0.0,0.0,0.0,0.0,0.0,0.0,0.0,-0.2113627664820141,-0.2113627664820141,-0.2113627664820141,-0.000702834966532575,-0.000702834966532575,-0.000702834966532575,-0.019014090842097615,-0.019014090842097615,-0.019014090842097615,0.0,0.0,0.0,0.00017707034191519834,0.00017707034191519834,0.00017707034191519834,-0.01832330380129545,-0.01832330380129545,-0.01832330380129545,-5.198292329919804e-05,-5.198292329919804e-05,-5.198292329919804e-05,-6.102879621122646e-05,-6.102879621122646e-05,-6.102879621122646e-05,0.0002670797418418835,0.0002670797418418835,0.0002670797418418835,-0.0003190904385162452,-0.0003190904385162452,-0.0003190904385162452,-0.18137848716454275,-0.18137848716454275,-0.18137848716454275,-0.010970188475373765,-0.010970188475373765,-0.010970188475373765,0.0,0.0,0.0,13.429235724265656
2017-07-28,13.640857720379383,13.43612681279431,13.725952915881686,13.639690449547635,13.643286082815507,0.0,0.0,0.0,0.0,0.0,0.0,0.0,0.0,0.0,0.0,0.0,0.0,0.0,0.0,0.0,0.0,0.0,0.0,0.0,0.0,0.0,0.0,0.0,0.0,0.0,0.0,0.0,-0.06360804216078247,-0.06360804216078247,-0.06360804216078247,-0.000702834966532575,-0.000702834966532575,-0.000702834966532575,0.028906552157905795,0.028906552157905795,0.028906552157905795,0.0,0.0,0.0,0.00017707034191519834,0.00017707034191519834,0.00017707034191519834,0.02974649068616029,0.02974649068616029,0.02974649068616029,-0.0013121497040075186,-0.0013121497040075186,-0.0013121497040075186,0.0007812343732511147,0.0007812343732511147,0.0007812343732511147,0.001795743115645359,0.001795743115645359,0.001795743115645359,-0.001579001688526072,-0.001579001688526072,-0.001579001688526072,-0.07280852413727017,-0.07280852413727017,-0.07280852413727017,-0.0197060701814181,-0.0197060701814181,-0.0197060701814181,0.0,0.0,0.0,13.577249678218601
2017-07-29,13.6411169500111,13.697819307522147,13.995839321253175,13.639567161314478,13.644091374101007,0.0,0.0,0.0,0.0,0.0,0.0,0.0,0.0,0.0,0.0,0.0,0.0,0.0,0.0,0.0,0.0,0.0,0.0,0.0,0.0,0.0,0.0,0.0,0.0,0.0,0.0,0.0,0.20968981176871496,0.20968981176871496,0.20968981176871496,-0.000702834966532575,-0.000702834966532575,-0.000702834966532575,0.07957738255739953,0.07957738255739953,0.07957738255739953,0.0,0.0,0.0,0.00017707034191519834,0.00017707034191519834,0.00017707034191519834,0.07470528916451577,0.07470528916451577,0.07470528916451577,0.0024363915094671998,0.0024363915094671998,0.0024363915094671998,0.0018331836038360607,0.0018331836038360607,0.0018331836038360607,0.004344789158545107,0.004344789158545107,0.004344789158545107,-0.0032165062543472235,-0.0032165062543472235,-0.0032165062543472235,0.15889406996459532,0.15889406996459532,0.15889406996459532,-0.02878164075327992,-0.02878164075327992,-0.02878164075327992,0.0,0.0,0.0,13.850806761779815
2017-07-30,13.641376179642815,13.768021268294044,14.050593818733049,13.63929426700093,13.645388420514605,0.0,0.0,0.0,0.0,0.0,0.0,0.0,0.0,0.0,0.0,0.0,0.0,0.0,0.0,0.0,0.0,0.0,0.0,0.0,0.0,0.0,0.0,0.0,0.0,0.0,0.0,0.0,0.26421346415253,0.26421346415253,0.26421346415253,-0.000702834966532575,-0.000702834966532575,-0.000702834966532575,0.06174207890006985,0.06174207890006985,0.06174207890006985,0.0,0.0,0.0,0.00017707034191519834,0.00017707034191519834,0.00017707034191519834,0.05364133962028968,0.05364133962028968,0.05364133962028968,0.005942333459112926,0.005942333459112926,0.005942333459112926,0.0015007252515890134,0.0015007252515890134,0.0015007252515890134,0.003820691082452347,0.003820691082452347,0.003820691082452347,-0.002637245888756736,-0.002637245888756736,-0.002637245888756736,0.24056077805939305,0.24056077805939305,0.24056077805939305,-0.038089392806932944,-0.038089392806932944,-0.038089392806932944,0.0,0.0,0.0,13.905589643795345
2017-07-31,13.64163540927453,13.476811636679052,13.760958741702723,13.639078443612432,13.646525582800344,0.0,0.0,0.0,0.0,0.0,0.0,0.0,0.0,0.0,0.0,0.0,0.0,0.0,0.0,0.0,0.0,0.0,0.0,0.0,0.0,0.0,0.0,0.0,0.0,0.0,0.0,0.0,-0.029194313701872553,-0.029194313701872553,-0.029194313701872553,-0.000702834966532575,-0.000702834966532575,-0.000702834966532575,0.03275330646885638,0.03275330646885638,0.03275330646885638,0.0,0.0,0.0,0.00017707034191519834,0.00017707034191519834,0.00017707034191519834,0.027126416372732786,0.027126416372732786,0.027126416372732786,0.004299740978180047,0.004299740978180047,0.004299740978180047,0.000583022700815207,0.000583022700815207,0.000583022700815207,0.0021491764280288316,0.0021491764280288316,0.0021491764280288316,-0.0008792853862831201,-0.0008792853862831201,-0.0008792853862831201,-0.014432770302118382,-0.014432770302118382,-0.014432770302118382,-0.04751484986861054,-0.04751484986861054,-0.04751484986861054,0.0,0.0,0.0,13.612441095572658
2017-08-01,13.641894638906246,13.395448367116781,13.696306119678873,13.638984839889451,13.64726865250502,0.0,0.0,0.0,0.0,0.0,0.0,0.0,0.0,0.0,0.0,0.0,0.0,0.0,0.0,0.0,0.0,0.0,0.0,0.0,0.0,0.0,0.0,0.0,0.0,0.0,0.0,0.0,-0.09606673265572109,-0.09606673265572109,-0.09606673265572109,-0.000702834966532575,-0.000702834966532575,-0.000702834966532575,0.04569803516887842,0.04569803516887842,0.04569803516887842,0.0,0.0,0.0,0.00017707034191519834,0.00017707034191519834,0.00017707034191519834,0.04202556286355414,0.04202556286355414,0.04202556286355414,0.0022320749183319393,0.0022320749183319393,0.0022320749183319393,0.00028365996904883755,0.00028365996904883755,0.00028365996904883755,0.0018972124315169033,0.0018972124315169033,0.0018972124315169033,-0.00021471038895602113,-0.00021471038895602113,-0.00021471038895602113,-0.08482624783012903,-0.08482624783012903,-0.08482624783012903,-0.05693851999447053,-0.05693851999447053,-0.05693851999447053,0.0,0.0,0.0,13.545827906250524
2017-08-02,13.642153868537958,13.432259221970767,13.733611624031218,13.638540641926225,13.648185236681874,0.0,0.0,0.0,0.0,0.0,0.0,0.0,0.0,0.0,0.0,0.0,0.0,0.0,0.0,0.0,0.0,0.0,0.0,0.0,0.0,0.0,0.0,0.0,0.0,0.0,0.0,0.0,-0.06141827079455796,-0.06141827079455796,-0.06141827079455796,-0.000702834966532575,-0.000702834966532575,-0.000702834966532575,0.05082856242817615,0.05082856242817615,0.05082856242817615,0.0,0.0,0.0,0.00017707034191519834,0.00017707034191519834,0.00017707034191519834,0.045942022127165597,0.045942022127165597,0.045942022127165597,0.0033939285368452385,0.0033939285368452385,0.0033939285368452385,0.00037796621295593276,0.00037796621295593276,0.00037796621295593276,0.0018939392185195441,0.0018939392185195441,0.0018939392185195441,-0.0002535290426927948,-0.0002535290426927948,-0.0002535290426927948,-0.046008818589804434,-0.046008818589804434,-0.046008818589804434,-0.06623801463292966,-0.06623801463292966,-0.06623801463292966,0.0,0.0,0.0,13.5807355977434
2017-08-03,13.642413098169675,13.255884270054956,13.553987593372987,13.63789780490898,13.64980516414764,0.0,0.0,0.0,0.0,0.0,0.0,0.0,0.0,0.0,0.0,0.0,0.0,0.0,0.0,0.0,0.0,0.0,0.0,0.0,0.0,0.0,0.0,0.0,0.0,0.0,0.0,0.0,-0.23817982229843318,-0.23817982229843318,-0.23817982229843318,-0.000702834966532575,-0.000702834966532575,-0.000702834966532575,0.018488953762737556,0.018488953762737556,0.018488953762737556,0.0,0.0,0.0,0.00017707034191519834,0.00017707034191519834,0.00017707034191519834,0.013517773560781751,0.013517773560781751,0.013517773560781751,0.003699338807828891,0.003699338807828891,0.003699338807828891,0.0002984764162819494,0.0002984764162819494,0.0002984764162819494,0.0010235319746130145,0.0010235319746130145,0.0010235319746130145,0.0004755976278493293,0.0004755976278493293,0.0004755976278493293,-0.1813784871644726,-0.1813784871644726,-0.1813784871644726,-0.07529028889669813,-0.07529028889669813,-0.07529028889669813,0.0,0.0,0.0,13.404233275871242
2017-08-04,13.64267232780139,13.381724850629178,13.673384312465132,13.637261098029267,13.65058112494068,0.0,0.0,0.0,0.0,0.0,0.0,0.0,0.0,0.0,0.0,0.0,0.0,0.0,0.0,0.0,0.0,0.0,0.0,0.0,0.0,0.0,0.0,0.0,0.0,0.0,0.0,0.0,-0.1162662154274493,-0.1162662154274493,-0.1162662154274493,-0.000702834966532575,-0.000702834966532575,-0.000702834966532575,0.040516263721584234,0.040516263721584234,0.040516263721584234,0.0,0.0,0.0,0.00017707034191519834,0.00017707034191519834,0.00017707034191519834,0.03875370998297062,0.03875370998297062,0.03875370998297062,0.0011708563509555566,0.0011708563509555566,0.0011708563509555566,0.0008648195118477262,0.0008648195118477262,0.0008648195118477262,0.0019459334801914785,0.0019459334801914785,0.0019459334801914785,-0.0016932909797637728,-0.0016932909797637728,-0.0016932909797637728,-0.0728085241375418,-0.0728085241375418,-0.0728085241375418,-0.08397395501149174,-0.08397395501149174,-0.08397395501149174,0.0,0.0,0.0,13.526406112373941
2017-08-05,13.642931557433105,13.656787419400995,13.955932358773504,13.63682009512866,13.651593335769322,0.0,0.0,0.0,0.0,0.0,0.0,0.0,0.0,0.0,0.0,0.0,0.0,0.0,0.0,0.0,0.0,0.0,0.0,0.0,0.0,0.0,0.0,0.0,0.0,0.0,0.0,0.0,0.14875581523965484,0.14875581523965484,0.14875581523965484,-0.000702834966532575,-0.000702834966532575,-0.000702834966532575,0.08203336272059528,0.08203336272059528,0.08203336272059528,0.0,0.0,0.0,0.00017707034191519834,0.00017707034191519834,0.00017707034191519834,0.07808004457697927,0.07808004457697927,0.07808004457697927,0.003138785457952028,0.003138785457952028,0.003138785457952028,0.0016008946955584922,0.0016008946955584922,0.0016008946955584922,0.003461215390166991,0.003461215390166991,0.003461215390166991,-0.00372181277544411,-0.00372181277544411,-0.00372181277544411,0.15889406996471647,0.15889406996471647,0.15889406996471647,-0.09217161744565694,-0.09217161744565694,-0.09217161744565694,0.0,0.0,0.0,13.79168737267276
2017-08-06,13.643190787064821,13.70296051585268,13.995395038908677,13.636527051352155,13.6536006180417,0.0,0.0,0.0,0.0,0.0,0.0,0.0,0.0,0.0,0.0,0.0,0.0,0.0,0.0,0.0,0.0,0.0,0.0,0.0,0.0,0.0,0.0,0.0,0.0,0.0,0.0,0.0,0.20679974234713902,0.20679974234713902,0.20679974234713902,-0.000702834966532575,-0.000702834966532575,-0.000702834966532575,0.06601114050649241,0.06601114050649241,0.06601114050649241,0.0,0.0,0.0,0.00017707034191519834,0.00017707034191519834,0.00017707034191519834,0.05873957989351521,0.05873957989351521,0.05873957989351521,0.006205501002970796,0.006205501002970796,0.006205501002970796,0.0013405111895103312,0.0013405111895103312,0.0013405111895103312,0.0030227294087374294,0.0030227294087374294,0.0030227294087374294,-0.0027714163636239765,-0.0027714163636239765,-0.0027714163636239765,0.24056077805924322,0.24056077805924322,0.24056077805924322,-0.09977217621859662,-0.09977217621859662,-0.09977217621859662,0.0,0.0,0.0,13.84999052941196
2017-08-07,13.643450016696535,13.403998609348024,13.682296539524808,13.635743201914144,13.654823810281322,0.0,0.0,0.0,0.0,0.0,0.0,0.0,0.0,0.0,0.0,0.0,0.0,0.0,0.0,0.0,0.0,0.0,0.0,0.0,0.0,0.0,0.0,0.0,0.0,0.0,0.0,0.0,-0.09610899244175469,-0.09610899244175469,-0.09610899244175469,-0.000702834966532575,-0.000702834966532575,-0.000702834966532575,0.02499682208781983,0.02499682208781983,0.02499682208781983,0.0,0.0,0.0,0.00017707034191519834,0.00017707034191519834,0.00017707034191519834,0.020448559630589565,0.020448559630589565,0.020448559630589565,0.004697307973923492,0.004697307973923492,0.004697307973923492,0.0005502898204690508,0.0005502898204690508,0.0005502898204690508,0.001401503632634017,0.001401503632634017,0.001401503632634017,-0.0015750743451789179,-0.0015750743451789179,-0.0015750743451789179,-0.014432770302406564,-0.014432770302406564,-0.014432770302406564,-0.10667304422716795,-0.10667304422716795,-0.10667304422716795,0.0,0.0,0.0,13.54734102425478
2017-08-08,13.643709246328251,13.30125547360795,13.59521012734785,13.634689563863043,13.65604125612305,0.0,0.0,0.0,0.0,0.0,0.0,0.0,0.0,0.0,0.0,0.0,0.0,0.0,0.0,0.0,0.0,0.0,0.0,0.0,0.0,0.0,0.0,0.0,0.0,0.0,0.0,0.0,-0.19343873550172855,-0.19343873550172855,-0.19343873550172855,-0.000702834966532575,-0.000702834966532575,-0.000702834966532575,0.004169737499436267,0.004169737499436267,0.004169737499436267,0.0,0.0,0.0,0.00017707034191519834,0.00017707034191519834,0.00017707034191519834,0.0039353214343911145,0.0039353214343911145,0.0039353214343911145,0.001711327503401005,0.001711327503401005,0.001711327503401005,0.00025155650792905125,0.00025155650792905125,0.00025155650792905125,0.0010446141531451983,0.0010446141531451983,0.0010446141531451983,-0.002247317474812725,-0.002247317474812725,-0.002247317474812725,-0.08482624782995946,-0.08482624782995946,-0.08482624782995946,-0.11278222517120533,-0.11278222517120533,-0.11278222517120533,0.0,0.0,0.0,13.450270510826522
2017-08-09,13.643968475959966,13.337316824419183,13.634055557947727,13.633246104180403,13.657798652836622,0.0,0.0,0.0,0.0,0.0,0.0,0.0,0.0,0.0,0.0,0.0,0.0,0.0,0.0,0.0,0.0,0.0,0.0,0.0,0.0,0.0,0.0,0.0,0.0,0.0,0.0,0.0,-0.1518775190506902,-0.1518775190506902,-0.1518775190506902,-0.000702834966532575,-0.000702834966532575,-0.000702834966532575,0.012151500357171077,0.012151500357171077,0.012151500357171077,0.0,0.0,0.0,0.00017707034191519834,0.00017707034191519834,0.00017707034191519834,0.013206527604807138,0.013206527604807138,0.013206527604807138,0.00042360504470548597,0.00042360504470548597,0.00042360504470548597,0.00026900589297328267,0.00026900589297328267,0.00026900589297328267,0.0012021528842616758,0.0012021528842616758,0.0012021528842616758,-0.002424026444959131,-0.002424026444959131,-0.002424026444959131,-0.0460088185897097,-0.0460088185897097,-0.0460088185897097,-0.11802020081815157,-0.11802020081815157,-0.11802020081815157,0.0,0.0,0.0,13.492090956909276
2017-08-10,13.64422770559168,13.193145652386454,13.490706288215254,13.632723873229931,13.658785101123529,0.0,0.0,0.0,0.0,0.0,0.0,0.0,0.0,0.0,0.0,0.0,0.0,0.0,0.0,0.0,0.0,0.0,0.0,0.0,0.0,0.0,0.0,0.0,0.0,0.0,0.0,0.0,-0.3014312332676377,-0.3014312332676377,-0.3014312332676377,-0.000702834966532575,-0.000702834966532575,-0.000702834966532575,0.002268833795553137,0.002268833795553137,0.002268833795553137,0.0,0.0,0.0,0.00017707034191519834,0.00017707034191519834,0.00017707034191519834,0.0022769264514699967,0.0022769264514699967,0.0022769264514699967,0.0011465850116261856,0.0011465850116261856,0.0011465850116261856,-5.874406215345664e-05,-5.874406215345664e-05,-5.874406215345664e-05,0.00039088920988333055,0.00039088920988333055,0.00039088920988333055,-0.0009610581906555424,-0.0009610581906555424,-0.0009610581906555424,-0.1813784871644613,-0.1813784871644613,-0.1813784871644613,-0.12232157989872955,-0.12232157989872955,-0.12232157989872955,0.0,0.0,0.0,13.342796472324043
2017-08-11,13.644486935223396,13.330196198801964,13.627737984226332,13.63072479753312,13.66036014406401,0.0,0.0,0.0,0.0,0.0,0.0,0.0,0.0,0.0,0.0,0.0,0.0,0.0,0.0,0.0,0.0,0.0,0.0,0.0,0.0,0.0,0.0,0.0,0.0,0.0,0.0,0.0,-0.16688658966221134,-0.16688658966221134,-0.16688658966221134,-0.000702834966532575,-0.000702834966532575,-0.000702834966532575,0.03155840028139855,0.03155840028139855,0.03155840028139855,0.0,0.0,0.0,0.00017707034191519834,0.00017707034191519834,0.00017707034191519834,0.031273863283937386,0.031273863283937386,0.031273863283937386,0.00029428138089573566,0.00029428138089573566,0.00029428138089573566,0.0009161937264910777,0.0009161937264910777,0.0009161937264910777,0.0016995193841956996,0.0016995193841956996,0.0016995193841956996,-0.002099692869503968,-0.002099692869503968,-0.002099692869503968,-0.07280852413738809,-0.07280852413738809,-0.07280852413738809,-0.12563646580622181,-0.12563646580622181,-0.12563646580622181,0.0,0.0,0.0,13.477600345561186
2017-08-12,13.64474616485511,13.56701222963312,13.864293500471701,13.628672564039451,13.662061381121312,0.0,0.0,0.0,0.0,0.0,0.0,0.0,0.0,0.0,0.0,0.0,0.0,0.0,0.0,0.0,0.0,0.0,0.0,0.0,0.0,0.0,0.0,0.0,0.0,0.0,0.0,0.0,0.06716975122099533,0.06716975122099533,0.06716975122099533,-0.000702834966532575,-0.000702834966532575,-0.000702834966532575,0.036207187636099473,0.036207187636099473,0.036207187636099473,0.0,0.0,0.0,0.00017707034191519834,0.00017707034191519834,0.00017707034191519834,0.03288955922832462,0.03288955922832462,0.03288955922832462,0.0025554978878519355,0.0025554978878519355,0.0025554978878519355,0.0018280351861012603,0.0018280351861012603,0.0018280351861012603,0.0033339402575040993,0.0033339402575040993,0.0033339402575040993,-0.0038740802990650572,-0.0038740802990650572,-0.0038740802990650572,0.15889406996490504,0.15889406996490504,0.15889406996490504,-0.1279315063800092,-0.1279315063800092,-0.1279315063800092,0.0,0.0,0.0,13.711915916076105
2017-08-13,13.645005394486827,13.628907897055152,13.941181248363664,13.627220804074595,13.662418812811344,0.0,0.0,0.0,0.0,0.0,0.0,0.0,0.0,0.0,0.0,0.0,0.0,0.0,0.0,0.0,0.0,0.0,0.0,0.0,0.0,0.0,0.0,0.0,0.0,0.0,0.0,0.0,0.13038284772226294,0.13038284772226294,0.13038284772226294,-0.000702834966532575,-0.000702834966532575,-0.000702834966532575,0.019012665914251124,0.019012665914251124,0.019012665914251124,0.0,0.0,0.0,0.00017707034191519834,0.00017707034191519834,0.00017707034191519834,0.015640165906082668,0.015640165906082668,0.015640165906082668,0.002681491828549144,0.002681491828549144,0.002681491828549144,0.0014008222011544056,0.0014008222011544056,0.0014008222011544056,0.0028173973915369454,0.0028173973915369454,0.0028173973915369454,-0.0030014467884546614,-0.0030014467884546614,-0.0030014467884546614,0.2405607780590935,0.2405607780590935,0.2405607780590935,-0.12919059625108165,-0.12919059625108165,-0.12919059625108165,0.0,0.0,0.0,13.77538824220909
2017-08-14,13.645264624118543,13.376872172879086,13.661381182893429,13.625452181982586,13.663809857240885,0.0,0.0,0.0,0.0,0.0,0.0,0.0,0.0,0.0,0.0,0.0,0.0,0.0,0.0,0.0,0.0,0.0,0.0,0.0,0.0,0.0,0.0,0.0,0.0,0.0,0.0,0.0,-0.12886806716201546,-0.12886806716201546,-0.12886806716201546,-0.000702834966532575,-0.000702834966532575,-0.000702834966532575,0.014979913479432951,0.014979913479432951,0.014979913479432951,0.0,0.0,0.0,0.00017707034191519834,0.00017707034191519834,0.00017707034191519834,0.013188476654870645,0.013188476654870645,0.013188476654870645,0.00133636309510442,0.00133636309510442,0.00133636309510442,0.0008630541305253834,0.0008630541305253834,0.0008630541305253834,0.0013915565231149675,0.0013915565231149675,0.0013915565231149675,-0.0012737722995650892,-0.0012737722995650892,-0.0012737722995650892,-0.0144327703019241,-0.0144327703019241,-0.0144327703019241,-0.12941521033952433,-0.12941521033952433,-0.12941521033952433,0.0,0.0,0.0,13.516396556956527
2017-08-15,13.645523853750257,13.293445258766223,13.600277702714397,13.624978193961056,13.665547015890544,0.0,0.0,0.0,0.0,0.0,0.0,0.0,0.0,0.0,0.0,0.0,0.0,0.0,0.0,0.0,0.0,0.0,0.0,0.0,0.0,0.0,0.0,0.0,0.0,0.0,0.0,0.0,-0.1930893835356077,-0.1930893835356077,-0.1930893835356077,-0.000702834966532575,-0.000702834966532575,-0.000702834966532575,0.02036122021780448,0.02036122021780448,0.02036122021780448,0.0,0.0,0.0,0.00017707034191519834,0.00017707034191519834,0.00017707034191519834,0.01817884060545105,0.01817884060545105,0.01817884060545105,0.001145177376530159,0.001145177376530159,0.001145177376530159,0.0011652343475896144,0.0011652343475896144,0.0011652343475896144,0.0009264345540466442,0.0009264345540466442,0.0009264345540466442,-0.0005287020411956111,-0.0005287020411956111,-0.0005287020411956111,-0.08482624783023301,-0.08482624783023301,-0.08482624783023301,-0.12862435592317917,-0.12862435592317917,-0.12862435592317917,0.0,0.0,0.0,13.45243447021465
